3,2,1.0,0
-2,-2,1.0,0
10,5,1.0,0
-10,-5,1.0,0
14,6,1.0,0
-14,-6,1.0,0
18,7,1.0,0
-18,-7,1.0,0
20,7,1.0,0
-20,-7,1.0,0
24,9,1.0,0
-24,-9,1.0,0
30,9,1.0,0
-30,-9,1.0,0
38,10,1.0,0
-38,-10,1.0,0
38,10,1.0,0
-38,-10,1.0,0
48,10,1.0,0
-48,-10,1.0,0
50,10,1.0,0
-50,-10,1.0,0
52,10,1.0,0
-52,-10,1.0,0
58,10,1.0,0
-58,-10,1.0,0
58,10,1.0,0
-58,-10,1.0,0
60,10,1.0,0
-60,-10,1.0,0
66,10,1.0,0
-66,-10,1.0,0
72,10,1.0,0
-72,-10,1.0,0
72,10,1.0,0
-72,-10,1.0,0
74,10,1.0,0
-74,-10,1.0,0
78,10,1.0,0
-78,-10,1.0,0
80,10,1.0,0
-80,-10,1.0,0
80,10,1.0,0
-80,-10,1.0,0
84,10,1.0,0
-84,-10,1.0,0
84,10,1.0,0
-84,-10,1.0,0
88,10,1.0,0
-88,-10,1.0,0
88,10,1.0,0
-88,-10,1.0,0
88,10,1.0,0
-88,-10,1.0,0
88,10,1.0,0
-88,-10,1.0,0
88,10,1.0,0
-88,-10,1.0,0
88,10,1.0,0
-88,-10,1.0,0
90,10,1.0,0
-90,-10,1.0,0
90,10,1.0,0
-90,-10,1.0,0
90,10,1.0,0
-90,-10,1.0,0
90,10,1.0,0
-90,-10,1.0,0
90,10,1.0,0
-90,-10,1.0,0
90,10,1.0,0
-90,-10,1.0,0
90,10,1.0,0
-90,-10,1.0,0
90,10,1.0,0
-90,-10,1.0,0
90,10,1.0,0
-90,-10,1.0,0
90,10,1.0,0
-90,-10,1.0,0
90,10,1.0,0
-90,-10,1.0,0
90,10,1.0,0
-90,-10,1.0,0
90,10,1.0,0
-90,-10,1.0,0
90,10,1.0,0
-90,-10,1.0,0
90,10,1.0,0
-90,-10,1.0,0
90,10,1.0,0
-90,-10,1.0,0
90,10,1.0,0
-90,-10,1.0,0
90,10,1.0,0
-90,-10,1.0,0
90,10,1.0,0
-90,-10,1.0,0
90,10,1.0,0
-90,-10,1.0,0
90,10,1.0,0
-90,-10,1.0,0
90,10,1.0,0
-90,-10,1.0,0
90,10,1.0,0
-90,-10,1.0,0
90,10,1.0,0
-90,-10,1.0,0
90,10,1.0,0
-90,-10,1.0,0
90,10,1.0,0
-90,-10,1.0,0
90,10,1.0,0
-90,-10,1.0,0
90,10,1.0,0
-90,-10,1.0,0
90,10,1.0,0
-90,-10,1.0,0
90,10,1.0,0
-90,-10,1.0,0
90,10,1.0,0
-90,-10,1.0,0
90,10,1.0,0
-90,-10,1.0,0
90,10,1.0,0
-90,-10,1.0,0
90,10,1.0,0
-90,-10,1.0,0
90,10,1.0,0
-90,-10,1.0,0
90,10,1.0,0
-90,-10,1.0,0
0,0,1.0,0
90,10,1.0,0
0,0,1.0,0
-90,-10,1.0,0
90,10,1.0,0
-90,-10,1.0,0
90,10,1.0,0
-90,-10,1.0,0
90,10,1.0,0
-90,-10,1.0,0
90,10,1.0,0
-90,-10,1.0,0
90,10,1.0,0
-90,-10,1.0,0
90,10,1.0,0
-90,-10,1.0,0
90,10,1.0,0
-90,-10,1.0,0
90,10,1.0,0
-90,-10,1.0,0
90,10,1.0,0
-90,-10,1.0,0
90,10,1.0,0
-90,-10,1.0,0
90,10,1.0,0
-90,-10,1.0,0
90,10,1.0,0
-90,-10,1.0,0
90,10,1.0,0
-90,-10,1.0,0
90,10,1.0,0
-90,-10,1.0,0
90,10,1.0,0
-90,-10,1.0,0
90,10,1.0,0
-90,-10,1.0,0
90,10,1.0,0
-90,-10,1.0,0
90,10,1.0,0
-90,-10,1.0,0
90,10,1.0,0
-90,-10,1.0,0
90,10,1.0,0
-90,-10,1.0,0
90,10,1.0,0
-90,-10,1.0,0
90,10,1.0,0
-90,-10,1.0,0
90,10,1.0,0
-90,-10,1.0,0
90,10,1.0,0
-90,-10,1.0,0
90,10,1.0,0
-90,-10,1.0,0
90,10,1.0,0
-90,-10,1.0,0
90,10,1.0,0
-90,-10,1.0,0
90,10,1.0,0
-90,-10,1.0,0
90,10,1.0,0
-90,-10,1.0,0
90,10,1.0,0
-90,-10,1.0,0
90,10,1.0,0
-90,-10,1.0,0
90,10,1.0,0
-90,-10,1.0,0
90,10,1.0,0
-90,-10,1.0,0
239,238,0.008403361344537815,1
-238,-238,1.0,1
536,536,0.0037313432835820895,1
-536,-536,1.0,1
833,833,0.0024009603841536613,1
-833,-833,1.0,1
1018,1018,0.0019646365422396855,1
-1018,-1018,1.0,1
1217,1217,0.0016433853738701725,1
-1217,-1217,1.0,1
1416,1416,0.0014124293785310734,1
-1416,-1416,1.0,1
1614,1614,0.0012391573729863693,1
-1614,-1614,1.0,1
1813,1813,0.0011031439602868175,1
-1813,-1813,1.0,1
2002,2002,0.000999000999000999,1
-2002,-2002,1.0,1
2107,2107,0.0009492168960607499,1
-2107,-2107,1.0,1
2256,2256,0.0008865248226950354,1
-2256,-2256,1.0,1
2406,2406,0.0008312551953449709,1
-2406,-2406,1.0,1
2555,2555,0.0007827788649706458,1
-2555,-2555,1.0,1
2704,2704,0.0007396449704142012,1
-2704,-2704,1.0,1
2854,2854,0.000700770847932726,1
-2854,-2854,1.0,1
3002,3002,0.0006662225183211193,1
-3002,-3002,1.0,1
3080,3080,0.0006493506493506494,1
-3080,-3080,1.0,1
3200,3200,0.000625,1
-3200,-3200,1.0,1
3319,3319,0.0006025911419102139,1
-3319,-3319,1.0,1
3439,3439,0.0005815644082582146,1
-3439,-3439,1.0,1
3559,3559,0.000561955605507165,1
-3559,-3559,1.0,1
3678,3678,0.000543773790103317,1
-3678,-3678,1.0,1
3798,3798,0.000526592943654555,1
-3798,-3798,1.0,1
3918,3918,0.0005104645227156713,1
-3918,-3918,1.0,1
4002,4002,0.0004997501249375312,1
-4002,-4002,1.0,1
4095,4095,0.0004884004884004884,1
-4095,-4095,1.0,1
4195,4195,0.0004767580452920143,1
-4195,-4195,1.0,1
4295,4295,0.00046565774155995343,1
-4295,-4295,1.0,1
4394,4394,0.0004551661356395084,1
-4394,-4394,1.0,1
4494,4494,0.0004450378282153983,1
-4494,-4494,1.0,1
4594,4594,0.00043535045711797995,1
-4594,-4594,1.0,1
4693,4693,0.0004261666311527807,1
-4693,-4693,1.0,1
4793,4793,0.00041727519298977677,1
-4793,-4793,1.0,1
4893,4893,0.0004087471898630697,1
-4893,-4893,1.0,1
4992,4992,0.00040064102564102563,1
-4992,-4992,1.0,1
5050,5050,0.00039603960396039607,1
-5050,-5050,1.0,1
5135,5135,0.00038948393378773126,1
-5135,-5135,1.0,1
5220,5220,0.0003831417624521073,1
-5220,-5220,1.0,1
5306,5306,0.0003769317753486619,1
-5306,-5306,1.0,1
5391,5391,0.0003709886848451122,1
-5391,-5391,1.0,1
5477,5477,0.0003651634106262553,1
-5477,-5477,1.0,1
5562,5562,0.0003595828838547285,1
-5562,-5562,1.0,1
5648,5648,0.0003541076487252125,1
-5648,-5648,1.0,1
5733,5733,0.00034885749171463456,1
-5733,-5733,1.0,1
5819,5819,0.00034370166695308474,1
-5819,-5819,1.0,1
5904,5904,0.00033875338753387534,1
-5904,-5904,1.0,1
5990,5990,0.000333889816360601,1
-5990,-5990,1.0,1
6041,6041,0.00033107101473266014,1
-6041,-6041,1.0,1
6116,6116,0.0003270111183780249,1
-6116,-6116,1.0,1
6190,6190,0.00032310177705977385,1
-6190,-6190,1.0,1
6265,6265,0.0003192338387869114,1
-6265,-6265,1.0,1
6340,6340,0.0003154574132492114,1
-6340,-6340,1.0,1
6415,6415,0.0003117692907248636,1
-6415,-6415,1.0,1
6489,6489,0.0003082139004469102,1
-6489,-6489,1.0,1
6564,6564,0.0003046922608165753,1
-6564,-6564,1.0,1
6639,6639,0.0003012501882813677,1
-6639,-6639,1.0,1
6714,6714,0.0002978850163836759,1
-6714,-6714,1.0,1
6789,6789,0.0002945941964943291,1
-6789,-6789,1.0,1
6863,6863,0.0002914177473408131,1
-6863,-6863,1.0,1
6938,6938,0.0002882675122513693,1
-6938,-6938,1.0,1
7002,7002,0.00028563267637817766,1
-7002,-7002,1.0,1
7055,7055,0.00028348688873139615,1
-7055,-7055,1.0,1
7122,7122,0.0002808199943836001,1
-7122,-7122,1.0,1
7188,7188,0.0002782415136338342,1
-7188,-7188,1.0,1
7255,7255,0.0002756719503790489,1
-7255,-7255,1.0,1
7321,7321,0.0002731867231252561,1
-7321,-7321,1.0,1
7388,7388,0.0002707092582566324,1
-7388,-7388,1.0,1
7454,7454,0.00026831231553528306,1
-7454,-7454,1.0,1
7502,7502,0.00026659557451346307,1
-7502,-7502,1.0,1
7558,7558,0.0002646202699126753,1
-7558,-7558,1.0,1
7618,7618,0.00026253609871357313,1
-7618,-7618,1.0,1
7678,7678,0.00026048450117218026,1
-7678,-7678,1.0,1
7737,7737,0.00025849812588858733,1
-7737,-7737,1.0,1
7797,7797,0.00025650891368475054,1
-7797,-7797,1.0,1
7857,7857,0.0002545500827287769,1
-7857,-7857,1.0,1
7917,7917,0.00025262094227611467,1
-7917,-7917,1.0,1
7977,7977,0.00025072082236429733,1
-7977,-7977,1.0,1
8016,8016,0.000249500998003992,1
-8016,-8016,1.0,1
8076,8076,0.00024764735017335313,1
-8076,-8076,1.0,1
8136,8136,0.0002458210422812193,1
-8136,-8136,1.0,1
8196,8196,0.0002440214738897023,1
-8196,-8196,1.0,1
8255,8255,0.00024227740763173834,1
-8255,-8255,1.0,1
8315,8315,0.00024052916416115455,1
-8315,-8315,1.0,1
8375,8375,0.00023880597014925374,1
-8375,-8375,1.0,1
8435,8435,0.00023710729104919976,1
-8435,-8435,1.0,1
8495,8495,0.00023543260741612713,1
-8495,-8495,1.0,1
8655,8655,0.00023108030040439053,1
-8655,-8655,1.0,1
8951,8951,0.00022343872193051055,1
-8951,-8951,1.0,1
9245,9245,0.00021633315305570578,1
-9245,-9245,1.0,1
9502,9502,0.00021048200378867606,1
-9502,-9502,1.0,1
9653,9653,0.00020718947477468144,1
-9653,-9653,1.0,1
9849,9849,0.0002030663011473246,1
-9849,-9849,1.0,1
10046,10046,0.00019908421262193908,1
-10046,-10046,1.0,1
10242,10242,0.00019527436047646945,1
-10242,-10242,1.0,1
10439,10439,0.0001915892326851231,1
-10439,-10439,1.0,1
10550,10550,0.0001895734597156398,1
-10550,-10550,1.0,1
10698,10698,0.0001869508319312021,1
-10698,-10698,1.0,1
10846,10846,0.00018439977872026554,1
-10846,-10846,1.0,1
0,0,1.0,1
10888,10888,0.0001836884643644379,1
-10888,-10888,1.0,1
10996,10996,0.00018188432157148054,1
1,0,1.0,0
0,0,1.0,0
0,0,1.0,0
0,0,1.0,0
0,0,1.0,0
0,0,1.0,0
0,0,1.0,0
0,0,1.0,0
0,0,1.0,0
0,0,1.0,0
1,0,1.0,0
0,0,1.0,0
0,0,1.0,0
0,0,1.0,0
0,0,1.0,0
0,0,1.0,0
0,0,1.0,0
0,0,1.0,0
0,0,1.0,0
4,4,1.0,0
-4,-4,1.0,0
8,6,1.0,0
-8,-6,1.0,0
10,7,1.0,0
-10,-7,1.0,0
14,8,1.0,0
-14,-8,1.0,0
0,0,1.0,0
18,10,1.0,0
-18,-10,1.0,0
24,10,1.0,0
4,0,1.0,0
-28,-10,1.0,0
38,10,1.0,0
-38,-10,1.0,0
0,0,1.0,0
42,10,1.0,0
2,0,1.0,0
-44,-10,1.0,0
0,0,1.0,0
48,10,1.0,0
4,0,1.0,0
-52,-10,1.0,0
0,0,1.0,0
56,10,1.0,0
0,0,1.0,0
-56,-10,1.0,0
58,10,1.0,0
-58,-10,1.0,0
64,10,1.0,0
-64,-10,1.0,0
66,10,1.0,0
-66,-10,1.0,0
68,10,1.0,0
-68,-10,1.0,0
70,10,1.0,0
-70,-10,1.0,0
72,10,1.0,0
-72,-10,1.0,0
74,10,1.0,0
-74,-10,1.0,0
0,0,1.0,0
78,10,1.0,0
2,0,1.0,0
-80,-10,1.0,0
80,10,1.0,0
-80,-10,1.0,0
82,10,1.0,0
-82,-10,1.0,0
82,10,1.0,0
-82,-10,1.0,0
0,0,1.0,0
84,10,1.0,0
-84,-10,1.0,0
84,10,1.0,0
4,0,1.0,0
-88,-10,1.0,0
90,10,1.0,0
-90,-10,1.0,0
90,10,1.0,0
-90,-10,1.0,0
0,0,1.0,0
90,10,1.0,0
0,0,1.0,0
-90,-10,1.0,0
90,10,1.0,0
-90,-10,1.0,0
0,0,1.0,0
90,10,1.0,0
0,0,1.0,0
-90,-10,1.0,0
0,0,1.0,0
90,10,1.0,0
0,0,1.0,0
-90,-10,1.0,0
90,10,1.0,0
-90,-10,1.0,0
90,10,1.0,0
-90,-10,1.0,0
90,10,1.0,0
-90,-10,1.0,0
90,10,1.0,0
-90,-10,1.0,0
90,10,1.0,0
-90,-10,1.0,0
90,10,1.0,0
-90,-10,1.0,0
90,10,1.0,0
-90,-10,1.0,0
90,10,1.0,0
-90,-10,1.0,0
90,10,1.0,0
-90,-10,1.0,0
90,10,1.0,0
-90,-10,1.0,0
0,0,1.0,0
90,10,1.0,0
0,0,1.0,0
-90,-10,1.0,0
90,10,1.0,0
-90,-10,1.0,0
90,10,1.0,0
-90,-10,1.0,0
90,10,1.0,0
-90,-10,1.0,0
0,0,1.0,0
90,10,1.0,0
0,0,1.0,0
-90,-10,1.0,0
90,10,1.0,0
-90,-10,1.0,0
90,10,1.0,0
-90,-10,1.0,0
90,10,1.0,0
-90,-10,1.0,0
90,10,1.0,0
-90,-10,1.0,0
90,10,1.0,0
-90,-10,1.0,0
90,10,1.0,0
-90,-10,1.0,0
90,10,1.0,0
-90,-10,1.0,0
90,10,1.0,0
-90,-10,1.0,0
90,10,1.0,0
-90,-10,1.0,0
90,10,1.0,0
-90,-10,1.0,0
90,10,1.0,0
-90,-10,1.0,0
90,10,1.0,0
-90,-10,1.0,0
90,10,1.0,0
-90,-10,1.0,0
0,0,1.0,0
90,10,1.0,0
-90,-10,1.0,0
90,10,1.0,0
0,0,1.0,0
-90,-10,1.0,0
90,10,1.0,0
-90,-10,1.0,0
90,10,1.0,0
-90,-10,1.0,0
0,0,1.0,0
90,10,1.0,0
0,0,1.0,0
-90,-10,1.0,0
90,10,1.0,0
-90,-10,1.0,0
90,10,1.0,0
-90,-10,1.0,0
0,0,1.0,0
90,10,1.0,0
-90,-10,1.0,0
90,10,1.0,0
0,0,1.0,0
-90,-10,1.0,0
90,10,1.0,0
-90,-10,1.0,0
90,10,1.0,0
-90,-10,1.0,0
90,10,1.0,0
-90,-10,1.0,0
0,0,1.0,0
90,10,1.0,0
0,0,1.0,0
-90,-10,1.0,0
0,0,1.0,0
90,10,1.0,0
0,0,1.0,0
-90,-10,1.0,0
0,0,1.0,0
90,10,1.0,0
1,0,1.0,1
0,0,1.0,1
0,0,1.0,1
0,0,1.0,1
0,0,1.0,1
0,0,1.0,1
0,0,1.0,1
0,0,1.0,1
0,0,1.0,1
0,0,1.0,1
0,0,1.0,1
0,0,1.0,1
0,0,1.0,1
0,0,1.0,1
0,0,1.0,1
0,0,1.0,1
0,0,1.0,1
0,0,1.0,1
0,0,1.0,1
0,0,1.0,1
0,0,1.0,1
0,0,1.0,1
0,0,1.0,1
0,0,1.0,1
0,0,1.0,1
0,0,1.0,1
0,0,1.0,1
0,0,1.0,1
0,0,1.0,1
0,0,1.0,1
0,0,1.0,1
0,0,1.0,1
0,0,1.0,1
0,0,1.0,1
0,0,1.0,1
0,0,1.0,1
0,0,1.0,1
0,0,1.0,1
0,0,1.0,1
0,0,1.0,1
0,0,1.0,1
0,0,1.0,1
0,0,1.0,1
0,0,1.0,1
0,0,1.0,1
0,0,1.0,1
0,0,1.0,1
0,0,1.0,1
0,0,1.0,1
0,0,1.0,1
0,0,1.0,1
0,0,1.0,1
0,0,1.0,1
0,0,1.0,1
0,0,1.0,1
0,0,1.0,1
0,0,1.0,1
0,0,1.0,1
0,0,1.0,1
0,0,1.0,1
0,0,1.0,1
0,0,1.0,1
0,0,1.0,1
0,0,1.0,1
0,0,1.0,1
0,0,1.0,1
0,0,1.0,1
0,0,1.0,1
0,0,1.0,1
0,0,1.0,1
0,0,1.0,1
0,0,1.0,1
0,0,1.0,1
0,0,1.0,1
0,0,1.0,1
0,0,1.0,1
0,0,1.0,1
0,0,1.0,1
88,88,0.0,1
39,39,0.0,1
-127,-127,1.0,1
187,187,0.0,1
-187,-187,1.0,1
246,246,0.0,1
-246,-246,1.0,1
306,306,0.0,1
-306,-306,1.0,1
366,366,0.0,1
-366,-366,1.0,1
425,425,0.0,1
-425,-425,1.0,1
485,485,0.0,1
-485,-485,1.0,1
545,545,0.0,1
-545,-545,1.0,1
597,597,0.0,1
-597,-597,1.0,1
829,829,0.0024125452352231603,1
-829,-829,1.0,1
1126,1126,0.0017761989342806395,1
-1126,-1126,1.0,1
1422,1422,0.0014064697609001407,1
-1422,-1422,1.0,1
0,0,1.0,1
1609,1609,0.001243008079552517,1
-1609,-1609,1.0,1
1807,1807,0.0011068068622025456,1
-1807,-1807,1.0,1
2005,2005,0.000997506234413965,1
-2005,-2005,1.0,1
2202,2202,0.0009082652134423251,1
-2202,-2202,1.0,1
2400,2400,0.0008333333333333334,1
198,198,0.0007698229407236335,1
-2598,-2598,1.0,1
2694,2694,0.0007423904974016332,1
-2694,-2694,1.0,1
0,0,1.0,1
2842,2842,0.0007037297677691766,1
-2842,-2842,1.0,1
2991,2991,0.0006686726847208291,1
110,110,0.0006449532408900354,1
-3101,-3101,1.0,1
7,4,1.0,0
4,2,1.0,0
6,3,1.0,0
2,0,1.0,0
4,1,1.0,0
4,0,1.0,0
6,0,1.0,0
2,0,1.0,0
8,0,1.0,0
8,0,1.0,0
2,0,1.0,0
0,0,1.0,0
4,0,1.0,0
4,0,1.0,0
2,0,1.0,0
0,0,1.0,0
6,0,1.0,0
2,0,1.0,0
6,0,1.0,0
2,0,1.0,0
0,0,1.0,0
2,0,1.0,0
2,0,1.0,0
2,0,1.0,0
0,0,1.0,0
0,0,1.0,0
2,0,1.0,0
0,0,1.0,0
0,0,1.0,0
2,0,1.0,0
0,0,1.0,0
0,0,1.0,0
0,0,1.0,0
0,0,1.0,0
0,0,1.0,0
2,0,1.0,0
0,0,1.0,0
0,0,1.0,0
0,0,1.0,0
0,0,1.0,0
0,0,1.0,0
0,0,1.0,0
0,0,1.0,0
0,0,1.0,0
0,0,1.0,0
0,0,1.0,0
0,0,1.0,0
0,0,1.0,0
0,0,1.0,0
0,0,1.0,0
0,0,1.0,0
0,0,1.0,0
0,0,1.0,0
0,0,1.0,0
0,0,1.0,0
0,0,1.0,0
0,0,1.0,0
0,0,1.0,0
0,0,1.0,0
0,0,1.0,0
0,0,1.0,0
0,0,1.0,0
0,0,1.0,0
0,0,1.0,0
0,0,1.0,0
0,0,1.0,0
0,0,1.0,0
0,0,1.0,0
0,0,1.0,0
0,0,1.0,0
0,0,1.0,0
0,0,1.0,0
0,0,1.0,0
0,0,1.0,0
0,0,1.0,0
0,0,1.0,0
0,0,1.0,0
0,0,1.0,0
0,0,1.0,0
0,0,1.0,0
0,0,1.0,0
0,0,1.0,0
0,0,1.0,0
0,0,1.0,0
0,0,1.0,0
0,0,1.0,0
0,0,1.0,0
0,0,1.0,0
0,0,1.0,0
0,0,1.0,0
0,0,1.0,0
-90,-10,1.0,0
90,10,1.0,0
-90,-10,1.0,0
90,10,1.0,0
-90,-10,1.0,0
90,10,1.0,0
-90,-10,1.0,0
90,10,1.0,0
-90,-10,1.0,0
90,10,1.0,0
-90,-10,1.0,0
1,0,1.0,1
0,0,1.0,1
0,0,1.0,1
0,0,1.0,1
0,0,1.0,1
0,0,1.0,1
0,0,1.0,1
0,0,1.0,1
0,0,1.0,1
0,0,1.0,1
0,0,1.0,1
0,0,1.0,1
0,0,1.0,1
0,0,1.0,1
0,0,1.0,1
0,0,1.0,1
0,0,1.0,1
0,0,1.0,1
0,0,1.0,1
0,0,1.0,1
0,0,1.0,1
0,0,1.0,1
0,0,1.0,1
0,0,1.0,1
0,0,1.0,1
0,0,1.0,1
0,0,1.0,1
0,0,1.0,1
0,0,1.0,1
0,0,1.0,1
0,0,1.0,1
0,0,1.0,1
0,0,1.0,1
0,0,1.0,1
0,0,1.0,1
0,0,1.0,1
0,0,1.0,1
0,0,1.0,1
0,0,1.0,1
0,0,1.0,1
0,0,1.0,1
0,0,1.0,1
0,0,1.0,1
0,0,1.0,1
0,0,1.0,1
0,0,1.0,1
0,0,1.0,1
0,0,1.0,1
0,0,1.0,1
0,0,1.0,1
0,0,1.0,1
0,0,1.0,1
0,0,1.0,1
0,0,1.0,1
0,0,1.0,1
0,0,1.0,1
0,0,1.0,1
0,0,1.0,1
0,0,1.0,1
0,0,1.0,1
7,4,1.0,0
-6,-4,1.0,0
10,5,1.0,0
-10,-5,1.0,0
20,7,1.0,0
-20,-7,1.0,0
20,7,1.0,0
-20,-7,1.0,0
22,7,1.0,0
-22,-7,1.0,0
32,9,1.0,0
-32,-9,1.0,0
34,10,1.0,0
-34,-10,1.0,0
36,10,1.0,0
-36,-10,1.0,0
42,10,1.0,0
-42,-10,1.0,0
42,10,1.0,0
-42,-10,1.0,0
54,10,1.0,0
-54,-10,1.0,0
56,10,1.0,0
-56,-10,1.0,0
58,10,1.0,0
-58,-10,1.0,0
66,10,1.0,0
-66,-10,1.0,0
66,10,1.0,0
-66,-10,1.0,0
68,10,1.0,0
-68,-10,1.0,0
68,10,1.0,0
-68,-10,1.0,0
68,10,1.0,0
-68,-10,1.0,0
74,10,1.0,0
-74,-10,1.0,0
76,10,1.0,0
-76,-10,1.0,0
76,10,1.0,0
-76,-10,1.0,0
78,10,1.0,0
-78,-10,1.0,0
78,10,1.0,0
-78,-10,1.0,0
80,10,1.0,0
-80,-10,1.0,0
82,10,1.0,0
-82,-10,1.0,0
82,10,1.0,0
-82,-10,1.0,0
84,10,1.0,0
-84,-10,1.0,0
86,10,1.0,0
-86,-10,1.0,0
86,10,1.0,0
-86,-10,1.0,0
88,10,1.0,0
-88,-10,1.0,0
90,10,1.0,0
-90,-10,1.0,0
90,10,1.0,0
-90,-10,1.0,0
90,10,1.0,0
-90,-10,1.0,0
90,10,1.0,0
-90,-10,1.0,0
90,10,1.0,0
-90,-10,1.0,0
90,10,1.0,0
-90,-10,1.0,0
90,10,1.0,0
-90,-10,1.0,0
90,10,1.0,0
-90,-10,1.0,0
90,10,1.0,0
-90,-10,1.0,0
90,10,1.0,0
-90,-10,1.0,0
90,10,1.0,0
-90,-10,1.0,0
90,10,1.0,0
-90,-10,1.0,0
90,10,1.0,0
-90,-10,1.0,0
90,10,1.0,0
-90,-10,1.0,0
90,10,1.0,0
-90,-10,1.0,0
90,10,1.0,0
-90,-10,1.0,0
90,10,1.0,0
-90,-10,1.0,0
90,10,1.0,0
-90,-10,1.0,0
90,10,1.0,0
-90,-10,1.0,0
90,10,1.0,0
-90,-10,1.0,0
90,10,1.0,0
-90,-10,1.0,0
90,10,1.0,0
-90,-10,1.0,0
90,10,1.0,0
-90,-10,1.0,0
90,10,1.0,0
-90,-10,1.0,0
90,10,1.0,0
-90,-10,1.0,0
90,10,1.0,0
-90,-10,1.0,0
90,10,1.0,0
-90,-10,1.0,0
90,10,1.0,0
-90,-10,1.0,0
90,10,1.0,0
-90,-10,1.0,0
90,10,1.0,0
-90,-10,1.0,0
90,10,1.0,0
-90,-10,1.0,0
0,0,1.0,0
90,10,1.0,0
0,0,1.0,0
-90,-10,1.0,0
90,10,1.0,0
-90,-10,1.0,0
90,10,1.0,0
-90,-10,1.0,0
90,10,1.0,0
-90,-10,1.0,0
90,10,1.0,0
-90,-10,1.0,0
90,10,1.0,0
-90,-10,1.0,0
90,10,1.0,0
-90,-10,1.0,0
90,10,1.0,0
-90,-10,1.0,0
90,10,1.0,0
-90,-10,1.0,0
90,10,1.0,0
-90,-10,1.0,0
90,10,1.0,0
-90,-10,1.0,0
90,10,1.0,0
-90,-10,1.0,0
0,0,1.0,0
90,10,1.0,0
0,0,1.0,0
-90,-10,1.0,0
90,10,1.0,0
-90,-10,1.0,0
90,10,1.0,0
-90,-10,1.0,0
90,10,1.0,0
-90,-10,1.0,0
90,10,1.0,0
-90,-10,1.0,0
90,10,1.0,0
-90,-10,1.0,0
90,10,1.0,0
-90,-10,1.0,0
90,10,1.0,0
-90,-10,1.0,0
90,10,1.0,0
-90,-10,1.0,0
90,10,1.0,0
-90,-10,1.0,0
90,10,1.0,0
-90,-10,1.0,0
90,10,1.0,0
-90,-10,1.0,0
90,10,1.0,0
-90,-10,1.0,0
90,10,1.0,0
-90,-10,1.0,0
90,10,1.0,0
-90,-10,1.0,0
90,10,1.0,0
-90,-10,1.0,0
90,10,1.0,0
-90,-10,1.0,0
90,10,1.0,0
-90,-10,1.0,0
90,10,1.0,0
-90,-10,1.0,0
90,10,1.0,0
-90,-10,1.0,0
90,10,1.0,0
-90,-10,1.0,0
90,10,1.0,0
-90,-10,1.0,0
90,10,1.0,0
-90,-10,1.0,0
90,10,1.0,0
-90,-10,1.0,0
90,10,1.0,0
-90,-10,1.0,0
90,10,1.0,0
-90,-10,1.0,0
90,10,1.0,0
-90,-10,1.0,0
90,10,1.0,0
-90,-10,1.0,0
90,10,1.0,0
-90,-10,1.0,0
90,10,1.0,0
-90,-10,1.0,0
90,10,1.0,0
-90,-10,1.0,0
90,10,1.0,0
-90,-10,1.0,0
90,10,1.0,0
-90,-10,1.0,0
90,10,1.0,0
-90,-10,1.0,0
90,10,1.0,0
-90,-10,1.0,0
90,10,1.0,0
-90,-10,1.0,0
90,10,1.0,0
-90,-10,1.0,0
90,10,1.0,0
-90,-10,1.0,0
90,10,1.0,0
-90,-10,1.0,0
90,10,1.0,0
-90,-10,1.0,0
90,10,1.0,0
-90,-10,1.0,0
90,10,1.0,0
-90,-10,1.0,0
90,10,1.0,0
-90,-10,1.0,0
90,10,1.0,0
-90,-10,1.0,0
90,10,1.0,0
-90,-10,1.0,0
90,10,1.0,0
-90,-10,1.0,0
90,10,1.0,0
-90,-10,1.0,0
90,10,1.0,0
-90,-10,1.0,0
90,10,1.0,0
-90,-10,1.0,0
90,10,1.0,0
-90,-10,1.0,0
90,10,1.0,0
-90,-10,1.0,0
90,10,1.0,0
-90,-10,1.0,0
90,10,1.0,0
-90,-10,1.0,0
90,10,1.0,0
-90,-10,1.0,0
90,10,1.0,0
-90,-10,1.0,0
90,10,1.0,0
-90,-10,1.0,0
90,10,1.0,0
-90,-10,1.0,0
90,10,1.0,0
-90,-10,1.0,0
90,10,1.0,0
-90,-10,1.0,0
90,10,1.0,0
-90,-10,1.0,0
90,10,1.0,0
-90,-10,1.0,0
90,10,1.0,0
-90,-10,1.0,0
90,10,1.0,0
-90,-10,1.0,0
90,10,1.0,0
-90,-10,1.0,0
90,10,1.0,0
-90,-10,1.0,0
90,10,1.0,0
-90,-10,1.0,0
90,10,1.0,0
-90,-10,1.0,0
90,10,1.0,0
-90,-10,1.0,0
90,10,1.0,0
-90,-10,1.0,0
90,10,1.0,0
-90,-10,1.0,0
90,10,1.0,0
-90,-10,1.0,0
90,10,1.0,0
-90,-10,1.0,0
90,10,1.0,0
-90,-10,1.0,0
90,10,1.0,0
-90,-10,1.0,0
90,10,1.0,0
-90,-10,1.0,0
90,10,1.0,0
-90,-10,1.0,0
90,10,1.0,0
-90,-10,1.0,0
90,10,1.0,0
-90,-10,1.0,0
90,10,1.0,0
-90,-10,1.0,0
90,10,1.0,0
-90,-10,1.0,0
90,10,1.0,0
-90,-10,1.0,0
90,10,1.0,0
-90,-10,1.0,0
90,10,1.0,0
-90,-10,1.0,0
90,10,1.0,0
-90,-10,1.0,0
90,10,1.0,0
-90,-10,1.0,0
90,10,1.0,0
-90,-10,1.0,0
90,10,1.0,0
-90,-10,1.0,0
90,10,1.0,0
-90,-10,1.0,0
90,10,1.0,0
-90,-10,1.0,0
90,10,1.0,0
-90,-10,1.0,0
90,10,1.0,0
-90,-10,1.0,0
90,10,1.0,0
-90,-10,1.0,0
90,10,1.0,0
-90,-10,1.0,0
90,10,1.0,0
-90,-10,1.0,0
90,10,1.0,0
-90,-10,1.0,0
90,10,1.0,0
-90,-10,1.0,0
90,10,1.0,0
-90,-10,1.0,0
90,10,1.0,0
-90,-10,1.0,0
90,10,1.0,0
-90,-10,1.0,0
90,10,1.0,0
-90,-10,1.0,0
90,10,1.0,0
-90,-10,1.0,0
90,10,1.0,0
-90,-10,1.0,0
90,10,1.0,0
-90,-10,1.0,0
90,10,1.0,0
-90,-10,1.0,0
90,10,1.0,0
-90,-10,1.0,0
90,10,1.0,0
-90,-10,1.0,0
90,10,1.0,0
-90,-10,1.0,0
90,10,1.0,0
-90,-10,1.0,0
90,10,1.0,0
-90,-10,1.0,0
90,10,1.0,0
-90,-10,1.0,0
90,10,1.0,0
-90,-10,1.0,0
90,10,1.0,0
-90,-10,1.0,0
90,10,1.0,0
-90,-10,1.0,0
90,10,1.0,0
-90,-10,1.0,0
90,10,1.0,0
-90,-10,1.0,0
90,10,1.0,0
-90,-10,1.0,0
90,10,1.0,0
-90,-10,1.0,0
90,10,1.0,0
-90,-10,1.0,0
90,10,1.0,0
-90,-10,1.0,0
90,10,1.0,0
-90,-10,1.0,0
90,10,1.0,0
-90,-10,1.0,0
90,10,1.0,0
-90,-10,1.0,0
90,10,1.0,0
-90,-10,1.0,0
90,10,1.0,0
-90,-10,1.0,0
90,10,1.0,0
-90,-10,1.0,0
90,10,1.0,0
-90,-10,1.0,0
25,24,0.08333333333333333,1
-24,-24,1.0,1
60,60,0.03333333333333333,1
-60,-60,1.0,1
97,97,0.020618556701030927,1
-97,-97,1.0,1
134,134,0.014925373134328358,1
-134,-134,1.0,1
291,291,0.006872852233676976,1
-291,-291,1.0,1
469,469,0.0042643923240938165,1
-469,-469,1.0,1
641,641,0.0031201248049922,1
-641,-641,1.0,1
835,835,0.0023952095808383233,1
-835,-835,1.0,1
1055,1055,0.0018957345971563982,1
-1055,-1055,1.0,1
1226,1226,0.0016313213703099511,1
-1226,-1226,1.0,1
1473,1473,0.0013577732518669382,1
-1473,-1473,1.0,1
1644,1644,0.0012165450121654502,1
-1644,-1644,1.0,1
1863,1863,0.0010735373054213634,1
-1863,-1863,1.0,1
1918,1918,0.0010427528675703858,1
-1918,-1918,1.0,1
2163,2163,0.0009246417013407304,1
-2163,-2163,1.0,1
2409,2409,0.0008302200083022001,1
-2409,-2409,1.0,1
2578,2578,0.0007757951900698216,1
-2578,-2578,1.0,1
2826,2826,0.0007077140835102619,1
-2826,-2826,1.0,1
2996,2996,0.0006675567423230974,1
-2996,-2996,1.0,1
3243,3243,0.0006167129201356768,1
-3243,-3243,1.0,1
3409,3409,0.0005866823115283074,1
-3409,-3409,1.0,1
3657,3657,0.0005468963631391851,1
-3657,-3657,1.0,1
3751,3751,0.0005331911490269261,1
-3751,-3751,1.0,1
3788,3788,0.0005279831045406547,1
-3788,-3788,1.0,1
3824,3824,0.0005230125523012552,1
-3824,-3824,1.0,1
3884,3884,0.0005149330587023687,1
-3884,-3884,1.0,1
4050,4050,0.0004938271604938272,1
-4050,-4050,1.0,1
4236,4236,0.00047214353163361664,1
-4236,-4236,1.0,1
4464,4464,0.00044802867383512545,1
-4464,-4464,1.0,1
4632,4632,0.0004317789291882556,1
-4632,-4632,1.0,1
4874,4874,0.0004103405826836274,1
-4874,-4874,1.0,1
5052,5052,0.000395882818685669,1
-5052,-5052,1.0,1
5287,5287,0.0003782863627766219,1
-5287,-5287,1.0,1
5468,5468,0.000365764447695684,1
-5468,-5468,1.0,1
5716,5716,0.0003498950314905528,1
-5716,-5716,1.0,1
5884,5884,0.0003399048266485384,1
-5884,-5884,1.0,1
6132,6132,0.00032615786040443573,1
-6132,-6132,1.0,1
6304,6304,0.00031725888324873094,1
-6304,-6304,1.0,1
6399,6399,0.0003125488357555868,1
-6399,-6399,1.0,1
6436,6436,0.00031075201988812925,1
-6436,-6436,1.0,1
6625,6625,0.0003018867924528302,1
-6625,-6625,1.0,1
6793,6793,0.00029442072721919626,1
-6793,-6793,1.0,1
7035,7035,0.00028429282160625445,1
-7035,-7035,1.0,1
7217,7217,0.0002771234585007621,1
-7217,-7217,1.0,1
7253,7253,0.0002757479663587481,1
-7253,-7253,1.0,1
7290,7290,0.00027434842249657066,1
-7290,-7290,1.0,1
7327,7327,0.0002729630135116692,1
-7327,-7327,1.0,1
7485,7485,0.0002672010688042752,1
-7485,-7485,1.0,1
7674,7674,0.00026062027625749283,1
-7674,-7674,1.0,1
7843,7843,0.0002550044625780951,1
-7843,-7843,1.0,1
8018,8018,0.0002494387627837366,1
-8018,-8018,1.0,1
8206,8206,0.00024372410431391665,1
-8206,-8206,1.0,1
8377,8377,0.0002387489554733198,1
-8377,-8377,1.0,1
8625,8625,0.00023188405797101448,1
-8625,-8625,1.0,1
8751,8751,0.00022854530910753056,1
-8751,-8751,1.0,1
8999,8999,0.00022224691632403602,1
-8999,-8999,1.0,1
9166,9166,0.0002181976871045167,1
-9166,-9166,1.0,1
9413,9413,0.00021247211303516414,1
-9413,-9413,1.0,1
9646,9646,0.00020733982998133942,1
-9646,-9646,1.0,1
9832,9832,0.0002034174125305126,1
-9832,-9832,1.0,1
10045,10045,0.00019910403185664509,1
-10045,-10045,1.0,1
10250,10250,0.0001951219512195122,1
-10250,-10250,1.0,1
10476,10476,0.00019091256204658267,1
-10476,-10476,1.0,1
10666,10666,0.00018751171948246765,1
-10666,-10666,1.0,1
10907,10907,0.00018336847895846704,1
-10907,-10907,1.0,1
10943,10943,0.00018276523805172256,1
-10943,-10943,1.0,1
10980,10980,0.00018214936247723133,1
-10980,-10980,1.0,1
11017,11017,0.00018153762367250612,1
-11017,-11017,1.0,1
11135,11135,0.0001796138302649304,1
-11135,-11135,1.0,1
11307,11307,0.00017688157778367384,1
-11307,-11307,1.0,1
11475,11475,0.00017429193899782134,1
-11475,-11475,1.0,1
11682,11682,0.0001712035610340695,1
-11682,-11682,1.0,1
11894,11894,0.00016815200941651252,1
-11894,-11894,1.0,1
12064,12064,0.00016578249336870026,1
-12064,-12064,1.0,1
12312,12312,0.00016244314489928524,1
-12312,-12312,1.0,1
12483,12483,0.00016021789633902106,1
-12483,-12483,1.0,1
12731,12731,0.00015709685020815333,1
-12731,-12731,1.0,1
12898,12898,0.00015506280043417584,1
-12898,-12898,1.0,1
13104,13104,0.00015262515262515263,1
-13104,-13104,1.0,1
13352,13352,0.00014979029358897544,1
-13352,-13352,1.0,1
13523,13523,0.00014789617688382755,1
-13523,-13523,1.0,1
13657,13657,0.00014644504649630226,1
-13657,-13657,1.0,1
13857,13857,0.00014433138485963774,1
-13857,-13857,1.0,1
0,0,1.0,1
13910,13910,0.00014378145219266715,1
-13910,-13910,1.0,1
14086,14086,0.0001419849495953429,1
-14086,-14086,1.0,1
14279,14279,0.00014006583094054205,1
-14279,-14279,1.0,1
14519,14519,0.00013775053378331842,1
-14519,-14519,1.0,1
14559,14559,0.00013737207225771001,1
-14559,-14559,1.0,1
14601,14601,0.00013697691938908293,1
-14601,-14601,1.0,1
14642,14642,0.00013659336156262805,1
-14642,-14642,1.0,1
14806,14806,0.00013508037282182898,1
-14806,-14806,1.0,1
15002,15002,0.0001333155579256099,1
-15002,-15002,1.0,1
15266,15266,0.00013101008777675882,1
-15266,-15266,1.0,1
15511,15511,0.00012894075172458256,1
-15511,-15511,1.0,1
15733,15733,0.00012712133731646857,1
-15733,-15733,1.0,1
15989,15989,0.0001250859966226781,1
-15989,-15989,1.0,1
16250,16250,0.00012307692307692307,1
-16250,-16250,1.0,1
16489,16489,0.00012129298320092183,1
-16489,-16489,1.0,1
16827,16827,0.00011885659951268794,1
-16827,-16827,1.0,1
17104,17104,0.00011693171188026193,1
-17104,-17104,1.0,1
17398,17398,0.00011495574203931487,1
-17398,-17398,1.0,1
17702,17702,0.00011298158400180771,1
-17702,-17702,1.0,1
18091,18091,0.0001105522082803604,1
-18091,-18091,1.0,1
18175,18175,0.00011004126547455296,1
-18175,-18175,1.0,1
18238,18238,0.0001096611470555982,1
-18238,-18238,1.0,1
18529,18529,0.00010793890657887635,1
-18529,-18529,1.0,1
18804,18804,0.00010636034886194426,1
-18804,-18804,1.0,1
19120,19120,0.00010460251046025104,1
-19120,-19120,1.0,1
19439,19439,0.00010288595092340141,1
-19439,-19439,1.0,1
19837,19837,0.00010082169682915764,1
-19837,-19837,1.0,1
20337,20337,9.834292176820574e-05,1
-20337,-20337,1.0,1
20742,20742,9.642271719217047e-05,1
-20742,-20742,1.0,1
21192,21192,9.437523593808984e-05,1
-21192,-21192,1.0,1
21621,21621,9.250265945145924e-05,1
-21621,-21621,1.0,1
21722,21722,9.207255317189946e-05,1
-21722,-21722,1.0,1
22223,22223,8.999685011024614e-05,1
-22223,-22223,1.0,1
22583,22583,8.856219279989372e-05,1
-22583,-22583,1.0,1
23226,23226,8.61103935244984e-05,1
-23226,-23226,1.0,1
23885,23885,8.373456144023445e-05,1
-23885,-23885,1.0,1
24571,24571,8.139676854828863e-05,1
575,575,7.953551260637875e-05,1
236,236,7.87959971633441e-05,1
737,737,7.657260997741108e-05,1
443,443,7.529553497477599e-05,1
-26562,-26562,1.0,1
27227,27227,7.345649539060492e-05,1
177,177,7.298204641658152e-05,1
0,0,7.298204641658152e-05,1
-27404,-27404,1.0,1
27404,27404,7.298204641658152e-05,1
0,0,7.298204641658152e-05,1
0,0,7.298204641658152e-05,1
-27404,-27404,1.0,1
27404,27404,7.298204641658152e-05,1
-27404,-27404,1.0,1
27404,27404,7.298204641658152e-05,1
-27404,-27404,1.0,1
3,2,1.0,0
-2,-2,1.0,0
2,2,1.0,0
-2,-2,1.0,0
12,5,1.0,0
-12,-5,1.0,0
14,6,1.0,0
-14,-6,1.0,0
20,9,1.0,0
-20,-9,1.0,0
24,10,1.0,0
-24,-10,1.0,0
30,10,1.0,0
-30,-10,1.0,0
34,10,1.0,0
-34,-10,1.0,0
38,10,1.0,0
-38,-10,1.0,0
40,10,1.0,0
-40,-10,1.0,0
46,10,1.0,0
-46,-10,1.0,0
52,10,1.0,0
-52,-10,1.0,0
58,10,1.0,0
-58,-10,1.0,0
58,10,1.0,0
-58,-10,1.0,0
62,10,1.0,0
-62,-10,1.0,0
66,10,1.0,0
-66,-10,1.0,0
70,10,1.0,0
-70,-10,1.0,0
72,10,1.0,0
-72,-10,1.0,0
76,10,1.0,0
-76,-10,1.0,0
78,10,1.0,0
-78,-10,1.0,0
84,10,1.0,0
-84,-10,1.0,0
84,10,1.0,0
-84,-10,1.0,0
84,10,1.0,0
-84,-10,1.0,0
88,10,1.0,0
-88,-10,1.0,0
88,10,1.0,0
-88,-10,1.0,0
88,10,1.0,0
-88,-10,1.0,0
88,10,1.0,0
-88,-10,1.0,0
90,10,1.0,0
-90,-10,1.0,0
90,10,1.0,0
-90,-10,1.0,0
90,10,1.0,0
-90,-10,1.0,0
90,10,1.0,0
-90,-10,1.0,0
90,10,1.0,0
-90,-10,1.0,0
90,10,1.0,0
-90,-10,1.0,0
90,10,1.0,0
-90,-10,1.0,0
90,10,1.0,0
-90,-10,1.0,0
90,10,1.0,0
-90,-10,1.0,0
90,10,1.0,0
-90,-10,1.0,0
90,10,1.0,0
-90,-10,1.0,0
90,10,1.0,0
-90,-10,1.0,0
90,10,1.0,0
-90,-10,1.0,0
90,10,1.0,0
-90,-10,1.0,0
90,10,1.0,0
-90,-10,1.0,0
90,10,1.0,0
-90,-10,1.0,0
90,10,1.0,0
-90,-10,1.0,0
90,10,1.0,0
-90,-10,1.0,0
90,10,1.0,0
-90,-10,1.0,0
90,10,1.0,0
-90,-10,1.0,0
90,10,1.0,0
-90,-10,1.0,0
90,10,1.0,0
-90,-10,1.0,0
90,10,1.0,0
-90,-10,1.0,0
90,10,1.0,0
-90,-10,1.0,0
90,10,1.0,0
-90,-10,1.0,0
90,10,1.0,0
-90,-10,1.0,0
90,10,1.0,0
-90,-10,1.0,0
90,10,1.0,0
-90,-10,1.0,0
0,0,1.0,0
90,10,1.0,0
0,0,1.0,0
-90,-10,1.0,0
90,10,1.0,0
-90,-10,1.0,0
90,10,1.0,0
-90,-10,1.0,0
90,10,1.0,0
-90,-10,1.0,0
90,10,1.0,0
-90,-10,1.0,0
90,10,1.0,0
-90,-10,1.0,0
90,10,1.0,0
-90,-10,1.0,0
90,10,1.0,0
-90,-10,1.0,0
90,10,1.0,0
-90,-10,1.0,0
90,10,1.0,0
-90,-10,1.0,0
90,10,1.0,0
-90,-10,1.0,0
90,10,1.0,0
-90,-10,1.0,0
90,10,1.0,0
-90,-10,1.0,0
90,10,1.0,0
-90,-10,1.0,0
90,10,1.0,0
-90,-10,1.0,0
90,10,1.0,0
-90,-10,1.0,0
90,10,1.0,0
-90,-10,1.0,0
90,10,1.0,0
-90,-10,1.0,0
90,10,1.0,0
-90,-10,1.0,0
90,10,1.0,0
-90,-10,1.0,0
90,10,1.0,0
-90,-10,1.0,0
90,10,1.0,0
-90,-10,1.0,0
90,10,1.0,0
-90,-10,1.0,0
90,10,1.0,0
-90,-10,1.0,0
90,10,1.0,0
-90,-10,1.0,0
90,10,1.0,0
-90,-10,1.0,0
90,10,1.0,0
-90,-10,1.0,0
90,10,1.0,0
-90,-10,1.0,0
90,10,1.0,0
-90,-10,1.0,0
90,10,1.0,0
-90,-10,1.0,0
90,10,1.0,0
-90,-10,1.0,0
90,10,1.0,0
-90,-10,1.0,0
90,10,1.0,0
-90,-10,1.0,0
90,10,1.0,0
-90,-10,1.0,0
90,10,1.0,0
-90,-10,1.0,0
90,10,1.0,0
-90,-10,1.0,0
90,10,1.0,0
-90,-10,1.0,0
90,10,1.0,0
-90,-10,1.0,0
90,10,1.0,0
-90,-10,1.0,0
90,10,1.0,0
-90,-10,1.0,0
90,10,1.0,0
-90,-10,1.0,0
90,10,1.0,0
-90,-10,1.0,0
90,10,1.0,0
-90,-10,1.0,0
90,10,1.0,0
-90,-10,1.0,0
90,10,1.0,0
-90,-10,1.0,0
90,10,1.0,0
-90,-10,1.0,0
90,10,1.0,0
-90,-10,1.0,0
90,10,1.0,0
-90,-10,1.0,0
90,10,1.0,0
-90,-10,1.0,0
90,10,1.0,0
-90,-10,1.0,0
90,10,1.0,0
-90,-10,1.0,0
90,10,1.0,0
-90,-10,1.0,0
90,10,1.0,0
-90,-10,1.0,0
90,10,1.0,0
-90,-10,1.0,0
90,10,1.0,0
-90,-10,1.0,0
90,10,1.0,0
-90,-10,1.0,0
90,10,1.0,0
-90,-10,1.0,0
90,10,1.0,0
-90,-10,1.0,0
90,10,1.0,0
-90,-10,1.0,0
90,10,1.0,0
-90,-10,1.0,0
90,10,1.0,0
-90,-10,1.0,0
90,10,1.0,0
-90,-10,1.0,0
90,10,1.0,0
-90,-10,1.0,0
90,10,1.0,0
-90,-10,1.0,0
90,10,1.0,0
-90,-10,1.0,0
90,10,1.0,0
-90,-10,1.0,0
90,10,1.0,0
-90,-10,1.0,0
90,10,1.0,0
-90,-10,1.0,0
90,10,1.0,0
-90,-10,1.0,0
90,10,1.0,0
-90,-10,1.0,0
90,10,1.0,0
-90,-10,1.0,0
90,10,1.0,0
-90,-10,1.0,0
90,10,1.0,0
-90,-10,1.0,0
90,10,1.0,0
-90,-10,1.0,0
90,10,1.0,0
-90,-10,1.0,0
90,10,1.0,0
-90,-10,1.0,0
90,10,1.0,0
-90,-10,1.0,0
90,10,1.0,0
-90,-10,1.0,0
90,10,1.0,0
-90,-10,1.0,0
90,10,1.0,0
-90,-10,1.0,0
90,10,1.0,0
-90,-10,1.0,0
90,10,1.0,0
-90,-10,1.0,0
90,10,1.0,0
-90,-10,1.0,0
90,10,1.0,0
-90,-10,1.0,0
90,10,1.0,0
-90,-10,1.0,0
90,10,1.0,0
-90,-10,1.0,0
90,10,1.0,0
-90,-10,1.0,0
90,10,1.0,0
-90,-10,1.0,0
90,10,1.0,0
-90,-10,1.0,0
90,10,1.0,0
-90,-10,1.0,0
90,10,1.0,0
-90,-10,1.0,0
90,10,1.0,0
-90,-10,1.0,0
90,10,1.0,0
-90,-10,1.0,0
90,10,1.0,0
-90,-10,1.0,0
90,10,1.0,0
-90,-10,1.0,0
90,10,1.0,0
-90,-10,1.0,0
90,10,1.0,0
-90,-10,1.0,0
90,10,1.0,0
-90,-10,1.0,0
90,10,1.0,0
-90,-10,1.0,0
90,10,1.0,0
-90,-10,1.0,0
90,10,1.0,0
-90,-10,1.0,0
90,10,1.0,0
-90,-10,1.0,0
90,10,1.0,0
-90,-10,1.0,0
90,10,1.0,0
-90,-10,1.0,0
90,10,1.0,0
-90,-10,1.0,0
90,10,1.0,0
-90,-10,1.0,0
90,10,1.0,0
-90,-10,1.0,0
90,10,1.0,0
-90,-10,1.0,0
90,10,1.0,0
-90,-10,1.0,0
90,10,1.0,0
-90,-10,1.0,0
90,10,1.0,0
-90,-10,1.0,0
90,10,1.0,0
-90,-10,1.0,0
90,10,1.0,0
-90,-10,1.0,0
90,10,1.0,0
-90,-10,1.0,0
90,10,1.0,0
-90,-10,1.0,0
90,10,1.0,0
-90,-10,1.0,0
90,10,1.0,0
-90,-10,1.0,0
90,10,1.0,0
-90,-10,1.0,0
90,10,1.0,0
-90,-10,1.0,0
90,10,1.0,0
-90,-10,1.0,0
90,10,1.0,0
-90,-10,1.0,0
90,10,1.0,0
-90,-10,1.0,0
90,10,1.0,0
-90,-10,1.0,0
90,10,1.0,0
-90,-10,1.0,0
90,10,1.0,0
-90,-10,1.0,0
90,10,1.0,0
-90,-10,1.0,0
90,10,1.0,0
-90,-10,1.0,0
90,10,1.0,0
-90,-10,1.0,0
90,10,1.0,0
-90,-10,1.0,0
90,10,1.0,0
-90,-10,1.0,0
90,10,1.0,0
-90,-10,1.0,0
90,10,1.0,0
-90,-10,1.0,0
90,10,1.0,0
-90,-10,1.0,0
90,10,1.0,0
-90,-10,1.0,0
90,10,1.0,0
-90,-10,1.0,0
90,10,1.0,0
-90,-10,1.0,0
90,10,1.0,0
-90,-10,1.0,0
90,10,1.0,0
-90,-10,1.0,0
90,10,1.0,0
-90,-10,1.0,0
90,10,1.0,0
-90,-10,1.0,0
90,10,1.0,0
-90,-10,1.0,0
90,10,1.0,0
-90,-10,1.0,0
90,10,1.0,0
-90,-10,1.0,0
90,10,1.0,0
-90,-10,1.0,0
90,10,1.0,0
-90,-10,1.0,0
90,10,1.0,0
-90,-10,1.0,0
90,10,1.0,0
-90,-10,1.0,0
90,10,1.0,0
-90,-10,1.0,0
90,10,1.0,0
-90,-10,1.0,0
90,10,1.0,0
-90,-10,1.0,0
90,10,1.0,0
-90,-10,1.0,0
90,10,1.0,0
-90,-10,1.0,0
90,10,1.0,0
-90,-10,1.0,0
90,10,1.0,0
-90,-10,1.0,0
90,10,1.0,0
-90,-10,1.0,0
90,10,1.0,0
-90,-10,1.0,0
90,10,1.0,0
-90,-10,1.0,0
90,10,1.0,0
-90,-10,1.0,0
90,10,1.0,0
-90,-10,1.0,0
90,10,1.0,0
-90,-10,1.0,0
90,10,1.0,0
-90,-10,1.0,0
90,10,1.0,0
-90,-10,1.0,0
90,10,1.0,0
-90,-10,1.0,0
90,10,1.0,0
-90,-10,1.0,0
90,10,1.0,0
-90,-10,1.0,0
90,10,1.0,0
-90,-10,1.0,0
90,10,1.0,0
-90,-10,1.0,0
90,10,1.0,0
-90,-10,1.0,0
90,10,1.0,0
-90,-10,1.0,0
90,10,1.0,0
-90,-10,1.0,0
90,10,1.0,0
-90,-10,1.0,0
90,10,1.0,0
-90,-10,1.0,0
90,10,1.0,0
-90,-10,1.0,0
90,10,1.0,0
-90,-10,1.0,0
90,10,1.0,0
-90,-10,1.0,0
90,10,1.0,0
-90,-10,1.0,0
90,10,1.0,0
-90,-10,1.0,0
90,10,1.0,0
-90,-10,1.0,0
90,10,1.0,0
-90,-10,1.0,0
90,10,1.0,0
-90,-10,1.0,0
90,10,1.0,0
-90,-10,1.0,0
90,10,1.0,0
-90,-10,1.0,0
90,10,1.0,0
-90,-10,1.0,0
90,10,1.0,0
-90,-10,1.0,0
90,10,1.0,0
-90,-10,1.0,0
90,10,1.0,0
-90,-10,1.0,0
90,10,1.0,0
-90,-10,1.0,0
90,10,1.0,0
-90,-10,1.0,0
90,10,1.0,0
-90,-10,1.0,0
90,10,1.0,0
-90,-10,1.0,0
90,10,1.0,0
-90,-10,1.0,0
90,10,1.0,0
-90,-10,1.0,0
90,10,1.0,0
-90,-10,1.0,0
90,10,1.0,0
-90,-10,1.0,0
90,10,1.0,0
-90,-10,1.0,0
90,10,1.0,0
-90,-10,1.0,0
90,10,1.0,0
-90,-10,1.0,0
90,10,1.0,0
-90,-10,1.0,0
90,10,1.0,0
-90,-10,1.0,0
90,10,1.0,0
-90,-10,1.0,0
90,10,1.0,0
-90,-10,1.0,0
90,10,1.0,0
-90,-10,1.0,0
90,10,1.0,0
-90,-10,1.0,0
90,10,1.0,0
-90,-10,1.0,0
90,10,1.0,0
-90,-10,1.0,0
90,10,1.0,0
-90,-10,1.0,0
90,10,1.0,0
-90,-10,1.0,0
90,10,1.0,0
-90,-10,1.0,0
90,10,1.0,0
-90,-10,1.0,0
90,10,1.0,0
-90,-10,1.0,0
90,10,1.0,0
-90,-10,1.0,0
90,10,1.0,0
-90,-10,1.0,0
90,10,1.0,0
-90,-10,1.0,0
90,10,1.0,0
-90,-10,1.0,0
90,10,1.0,0
-90,-10,1.0,0
90,10,1.0,0
-90,-10,1.0,0
90,10,1.0,0
-90,-10,1.0,0
90,10,1.0,0
-90,-10,1.0,0
90,10,1.0,0
-90,-10,1.0,0
90,10,1.0,0
-90,-10,1.0,0
90,10,1.0,0
-90,-10,1.0,0
90,10,1.0,0
-90,-10,1.0,0
90,10,1.0,0
-90,-10,1.0,0
90,10,1.0,0
-90,-10,1.0,0
90,10,1.0,0
-90,-10,1.0,0
90,10,1.0,0
-90,-10,1.0,0
90,10,1.0,0
-90,-10,1.0,0
90,10,1.0,0
-90,-10,1.0,0
90,10,1.0,0
-90,-10,1.0,0
90,10,1.0,0
-90,-10,1.0,0
90,10,1.0,0
-90,-10,1.0,0
90,10,1.0,0
-90,-10,1.0,0
90,10,1.0,0
-90,-10,1.0,0
90,10,1.0,0
-90,-10,1.0,0
90,10,1.0,0
-90,-10,1.0,0
90,10,1.0,0
-90,-10,1.0,0
90,10,1.0,0
-90,-10,1.0,0
90,10,1.0,0
-90,-10,1.0,0
90,10,1.0,0
-90,-10,1.0,0
90,10,1.0,0
-90,-10,1.0,0
90,10,1.0,0
-90,-10,1.0,0
90,10,1.0,0
-90,-10,1.0,0
90,10,1.0,0
-90,-10,1.0,0
90,10,1.0,0
-90,-10,1.0,0
90,10,1.0,0
-90,-10,1.0,0
90,10,1.0,0
-90,-10,1.0,0
90,10,1.0,0
-90,-10,1.0,0
90,10,1.0,0
-90,-10,1.0,0
90,10,1.0,0
-90,-10,1.0,0
90,10,1.0,0
-90,-10,1.0,0
90,10,1.0,0
-90,-10,1.0,0
90,10,1.0,0
-90,-10,1.0,0
90,10,1.0,0
-90,-10,1.0,0
90,10,1.0,0
-90,-10,1.0,0
90,10,1.0,0
-90,-10,1.0,0
90,10,1.0,0
-90,-10,1.0,0
90,10,1.0,0
-90,-10,1.0,0
90,10,1.0,0
-90,-10,1.0,0
90,10,1.0,0
-90,-10,1.0,0
90,10,1.0,0
-90,-10,1.0,0
90,10,1.0,0
-90,-10,1.0,0
90,10,1.0,0
-90,-10,1.0,0
90,10,1.0,0
-90,-10,1.0,0
90,10,1.0,0
-90,-10,1.0,0
90,10,1.0,0
-90,-10,1.0,0
90,10,1.0,0
-90,-10,1.0,0
90,10,1.0,0
-90,-10,1.0,0
90,10,1.0,0
-90,-10,1.0,0
90,10,1.0,0
-90,-10,1.0,0
90,10,1.0,0
-90,-10,1.0,0
90,10,1.0,0
-90,-10,1.0,0
90,10,1.0,0
-90,-10,1.0,0
90,10,1.0,0
-90,-10,1.0,0
90,10,1.0,0
-90,-10,1.0,0
90,10,1.0,0
-90,-10,1.0,0
90,10,1.0,0
-90,-10,1.0,0
90,10,1.0,0
-90,-10,1.0,0
90,10,1.0,0
-90,-10,1.0,0
29,28,0.07142857142857142,1
-28,-28,1.0,1
65,65,0.03076923076923077,1
-65,-65,1.0,1
101,101,0.019801980198019802,1
-101,-101,1.0,1
138,138,0.014492753623188406,1
-138,-138,1.0,1
298,298,0.006711409395973154,1
-298,-298,1.0,1
500,500,0.004,1
-500,-500,1.0,1
670,670,0.0029850746268656717,1
-670,-670,1.0,1
837,837,0.0023894862604540022,1
-837,-837,1.0,1
1085,1085,0.0018433179723502304,1
-1085,-1085,1.0,1
1258,1258,0.001589825119236884,1
-1258,-1258,1.0,1
1505,1505,0.00132890365448505,1
-1505,-1505,1.0,1
1675,1675,0.0011940298507462687,1
-1675,-1675,1.0,1
1923,1923,0.0010400416016640667,1
-1923,-1923,1.0,1
2091,2091,0.0009564801530368245,1
-2091,-2091,1.0,1
2339,2339,0.0008550662676357417,1
-2339,-2339,1.0,1
2574,2574,0.000777000777000777,1
-2574,-2574,1.0,1
2674,2674,0.0007479431563201197,1
-2674,-2674,1.0,1
2838,2838,0.0007047216349541931,1
-2838,-2838,1.0,1
3041,3041,0.0006576783952647156,1
-3041,-3041,1.0,1
3271,3271,0.0006114338122898196,1
-3271,-3271,1.0,1
3455,3455,0.0005788712011577424,1
-3455,-3455,1.0,1
3703,3703,0.0005401026194977045,1
-3703,-3703,1.0,1
3747,3747,0.0005337603416066186,1
-3747,-3747,1.0,1
3783,3783,0.000528680941052075,1
-3783,-3783,1.0,1
3820,3820,0.0005235602094240838,1
-3820,-3820,1.0,1
3925,3925,0.0005095541401273885,1
-3925,-3925,1.0,1
4096,4096,0.00048828125,1
-4096,-4096,1.0,1
4267,4267,0.00046871338176704945,1
-4267,-4267,1.0,1
4505,4505,0.0004439511653718091,1
-4505,-4505,1.0,1
4686,4686,0.0004268032437046522,1
-4686,-4686,1.0,1
4866,4866,0.0004110152075626798,1
-4866,-4866,1.0,1
5106,5106,0.0003916960438699569,1
-5106,-5106,1.0,1
5275,5275,0.0003791469194312796,1
-5275,-5275,1.0,1
5523,5523,0.0003621220351258374,1
-5523,-5523,1.0,1
5733,5733,0.00034885749171463456,1
-5733,-5733,1.0,1
5940,5940,0.0003367003367003367,1
-5940,-5940,1.0,1
6185,6185,0.00032336297493936947,1
-6185,-6185,1.0,1
6356,6356,0.00031466331025802394,1
-6356,-6356,1.0,1
6604,6604,0.0003028467595396729,1
-6604,-6604,1.0,1
6774,6774,0.0002952465308532625,1
-6774,-6774,1.0,1
7022,7022,0.0002848191398461977,1
-7022,-7022,1.0,1
7189,7189,0.00027820280984837946,1
-7189,-7189,1.0,1
7437,7437,0.0002689256420599704,1
-7437,-7437,1.0,1
7550,7550,0.00026490066225165563,1
-7550,-7550,1.0,1
7586,7586,0.0002636435539151068,1
-7586,-7586,1.0,1
7623,7623,0.0002623638987275351,1
-7623,-7623,1.0,1
7664,7664,0.00026096033402922753,1
-7664,-7664,1.0,1
7831,7831,0.00025539522410930913,1
-7831,-7831,1.0,1
8026,8026,0.00024919013207077,1
-8026,-8026,1.0,1
8249,8249,0.0002424536307431204,1
-8249,-8249,1.0,1
8420,8420,0.00023752969121140142,1
-8420,-8420,1.0,1
8658,8658,0.000231000231000231,1
-8658,-8658,1.0,1
8840,8840,0.00022624434389140272,1
-8840,-8840,1.0,1
9065,9065,0.0002206287920573635,1
-9065,-9065,1.0,1
9259,9259,0.00021600604816934875,1
-9259,-9259,1.0,1
9507,9507,0.00021037130535394972,1
-9507,-9507,1.0,1
9676,9676,0.00020669698222405952,1
-9676,-9676,1.0,1
9872,9872,0.0002025931928687196,1
-9872,-9872,1.0,1
10041,10041,0.00019918334827208445,1
-10041,-10041,1.0,1
10290,10290,0.00019436345966958212,1
-10290,-10290,1.0,1
10414,10414,0.00019204916458613405,1
-10414,-10414,1.0,1
10662,10662,0.00018758206715438003,1
-10662,-10662,1.0,1
10827,10827,0.00018472337674332686,1
-10827,-10827,1.0,1
11074,11074,0.00018060321473722233,1
-11074,-11074,1.0,1
11229,11229,0.00017811025024490158,1
-11229,-11229,1.0,1
11266,11266,0.00017752529735487306,1
-11266,-11266,1.0,1
11303,11303,0.00017694417411306734,1
-11303,-11303,1.0,1
11339,11339,0.00017638239703677574,1
-11339,-11339,1.0,1
11484,11484,0.00017415534656913968,1
-11484,-11484,1.0,1
11696,11696,0.0001709986320109439,1
-11696,-11696,1.0,1
11890,11890,0.0001682085786375105,1
-11890,-11890,1.0,1
12058,12058,0.0001658649859014762,1
-12058,-12058,1.0,1
12306,12306,0.00016252234682268812,1
-12306,-12306,1.0,1
12479,12479,0.0001602692523439378,1
-12479,-12479,1.0,1
12565,12565,0.00015917230401910068,1
-12565,-12565,1.0,1
12751,12751,0.00015685044310250176,1
-12751,-12751,1.0,1
12999,12999,0.00015385798907608278,1
-12999,-12999,1.0,1
13101,13101,0.00015266010228226853,1
-13101,-13101,1.0,1
13348,13348,0.00014983518130056938,1
-13348,-13348,1.0,1
13517,13517,0.00014796182584893096,1
-13517,-13517,1.0,1
13764,13764,0.00014530659691950015,1
-13764,-13764,1.0,1
0,0,1.0,1
13772,13772,0.00014522218995062446,1
358,358,0.00014154281670205238,1
-14130,-14130,1.0,1
0,0,1.0,1
14190,14190,0.00014094432699083862,1
-14190,-14190,1.0,1
14359,14359,0.00013928546556166865,1
-14359,-14359,1.0,1
14626,14626,0.00013674278681799536,1
-14626,-14626,1.0,1
14754,14754,0.00013555645926528398,1
-14754,-14754,1.0,1
14796,14796,0.00013517166801838335,1
-14796,-14796,1.0,1
14837,14837,0.00013479813978567096,1
-14837,-14837,1.0,1
14984,14984,0.00013347570742124932,1
-14984,-14984,1.0,1
15197,15197,0.0001316049220240837,1
-15197,-15197,1.0,1
15409,15409,0.0001297942760724252,1
-15409,-15409,1.0,1
15637,15637,0.00012790177143953444,1
-1799,-1799,0.00014452955629426219,1
-11867,-11867,0.0,1
13838,13838,0.00012651021569991776,1
-15809,-15809,1.0,1
15809,15809,0.00012651021569991776,1
-15809,-15809,1.0,1
15809,15809,0.00012651021569991776,1
-15809,-15809,1.0,1
15809,15809,0.00012651021569991776,1
-15809,-15809,1.0,1
0,0,1.0,1
15809,15809,0.00012651021569991776,1
-15809,-15809,1.0,1
15830,15830,0.00012634238787113077,1
-15830,-15830,1.0,1
15877,15877,0.00012596838193613404,1
-15877,-15877,1.0,1
15926,15926,0.0001255808112520407,1
-15926,-15926,1.0,1
16064,16064,0.0001245019920318725,1
-16064,-16064,1.0,1
16266,16266,0.00012295585884667404,1
-16266,-16266,1.0,1
16318,16318,0.00012256403971074888,1
-16318,-16318,1.0,1
16368,16368,0.00012218963831867058,1
-16368,-16368,1.0,1
16568,16568,0.00012071463061323032,1
-16568,-16568,1.0,1
16851,16851,0.00011868731826004391,1
-16851,-16851,1.0,1
17138,17138,0.00011669973159061734,1
-17138,-17138,1.0,1
17428,17428,0.00011475786091347258,1
-17428,-17428,1.0,1
17737,17737,0.00011275864013080002,1
-17737,-17737,1.0,1
18137,18137,0.0001102718200363897,1
-18137,-18137,1.0,1
18477,18477,0.000108242680088759,1
-18477,-18477,1.0,1
18857,18857,0.000106061409556133,1
-18857,-18857,1.0,1
19234,19234,0.00010398253093480295,1
-19234,-19234,1.0,1
19620,19620,0.00010193679918450561,1
-19620,-19620,1.0,1
19969,19969,0.0001001552406229656,1
-19969,-19969,1.0,1
20048,20048,9.976057462090982e-05,1
-20048,-20048,1.0,1
20378,20378,9.814505839630975e-05,1
-20378,-20378,1.0,1
20769,20769,9.62973662670326e-05,1
-20769,-20769,1.0,1
21229,21229,9.421074944651184e-05,1
-21229,-21229,1.0,1
21754,21754,9.193711501333089e-05,1
-21754,-21754,1.0,1
22253,22253,8.987552240147396e-05,1
-22253,-22253,1.0,1
22593,22593,8.852299384765193e-05,1
-22593,-22593,1.0,1
23238,23238,8.606592649969878e-05,1
-23238,-23238,1.0,1
23375,23375,8.556149732620321e-05,1
-23375,-23375,1.0,1
23859,23859,8.382580996688881e-05,1
636,636,8.164931618697693e-05,1
-24495,-24495,1.0,1
25212,25212,7.932730445819452e-05,1
739,739,7.706832106662556e-05,1
-25951,-25951,1.0,1
25951,25951,7.706832106662556e-05,1
-25951,-25951,1.0,1
25951,25951,7.706832106662556e-05,1
-25951,-25951,1.0,1
25951,25951,7.706832106662556e-05,1
-25951,-25951,1.0,1
25951,25951,7.706832106662556e-05,1
-25951,-25951,1.0,1
25951,25951,7.706832106662556e-05,1
-25951,-25951,1.0,1
25951,25951,7.706832106662556e-05,1
-25951,-25951,1.0,1
25951,25951,7.706832106662556e-05,1
-25951,-25951,1.0,1
25951,25951,7.706832106662556e-05,1
-25951,-25951,1.0,1
25951,25951,7.706832106662556e-05,1
-25951,-25951,1.0,1
25951,25951,7.706832106662556e-05,1
-25951,-25951,1.0,1
25951,25951,7.706832106662556e-05,1
-25951,-25951,1.0,1
25951,25951,7.706832106662556e-05,1
-25951,-25951,1.0,1
25951,25951,7.706832106662556e-05,1
-25951,-25951,1.0,1
25951,25951,7.706832106662556e-05,1
-25951,-25951,1.0,1
25951,25951,7.706832106662556e-05,1
-25951,-25951,1.0,1
25951,25951,7.706832106662556e-05,1
-25951,-25951,1.0,1
25951,25951,7.706832106662556e-05,1
-25951,-25951,1.0,1
25951,25951,7.706832106662556e-05,1
-25951,-25951,1.0,1
25951,25951,7.706832106662556e-05,1
-25951,-25951,1.0,1
25951,25951,7.706832106662556e-05,1
-25951,-25951,1.0,1
25951,25951,7.706832106662556e-05,1
-25951,-25951,1.0,1
25951,25951,7.706832106662556e-05,1
-25951,-25951,1.0,1
25951,25951,7.706832106662556e-05,1
-25951,-25951,1.0,1
25951,25951,7.706832106662556e-05,1
-25951,-25951,1.0,1
25951,25951,7.706832106662556e-05,1
-25951,-25951,1.0,1
25951,25951,7.706832106662556e-05,1
-25951,-25951,1.0,1
25951,25951,7.706832106662556e-05,1
-25951,-25951,1.0,1
25951,25951,7.706832106662556e-05,1
-25951,-25951,1.0,1
25951,25951,7.706832106662556e-05,1
-25951,-25951,1.0,1
25951,25951,7.706832106662556e-05,1
-25951,-25951,1.0,1
25951,25951,7.706832106662556e-05,1
-25951,-25951,1.0,1
25951,25951,7.706832106662556e-05,1
-25951,-25951,1.0,1
25951,25951,7.706832106662556e-05,1
-25951,-25951,1.0,1
25951,25951,7.706832106662556e-05,1
-25951,-25951,1.0,1
25951,25951,7.706832106662556e-05,1
-25951,-25951,1.0,1
25951,25951,7.706832106662556e-05,1
-25951,-25951,1.0,1
1,0,1.0,0
0,0,1.0,0
4,3,1.0,0
-4,-3,1.0,0
8,5,1.0,0
-8,-5,1.0,0
18,7,1.0,0
-18,-7,1.0,0
24,9,1.0,0
-24,-9,1.0,0
28,10,1.0,0
-28,-10,1.0,0
34,10,1.0,0
-34,-10,1.0,0
38,10,1.0,0
-38,-10,1.0,0
44,10,1.0,0
-44,-10,1.0,0
0,0,1.0,0
48,10,1.0,0
6,0,1.0,0
-54,-10,1.0,0
56,10,1.0,0
-56,-10,1.0,0
62,10,1.0,0
-62,-10,1.0,0
62,10,1.0,0
-62,-10,1.0,0
70,10,1.0,0
-70,-10,1.0,0
70,10,1.0,0
-70,-10,1.0,0
72,10,1.0,0
-72,-10,1.0,0
78,10,1.0,0
-78,-10,1.0,0
0,0,1.0,0
78,10,1.0,0
0,0,1.0,0
-78,-10,1.0,0
82,10,1.0,0
-82,-10,1.0,0
82,10,1.0,0
-82,-10,1.0,0
86,10,1.0,0
-86,-10,1.0,0
86,10,1.0,0
-86,-10,1.0,0
88,10,1.0,0
-88,-10,1.0,0
88,10,1.0,0
-88,-10,1.0,0
90,10,1.0,0
-90,-10,1.0,0
90,10,1.0,0
-90,-10,1.0,0
90,10,1.0,0
-90,-10,1.0,0
90,10,1.0,0
-90,-10,1.0,0
90,10,1.0,0
-90,-10,1.0,0
90,10,1.0,0
-90,-10,1.0,0
90,10,1.0,0
-90,-10,1.0,0
90,10,1.0,0
-90,-10,1.0,0
90,10,1.0,0
-90,-10,1.0,0
90,10,1.0,0
-90,-10,1.0,0
90,10,1.0,0
-90,-10,1.0,0
90,10,1.0,0
-90,-10,1.0,0
90,10,1.0,0
-90,-10,1.0,0
90,10,1.0,0
-90,-10,1.0,0
90,10,1.0,0
-90,-10,1.0,0
90,10,1.0,0
-90,-10,1.0,0
0,0,1.0,0
90,10,1.0,0
0,0,1.0,0
-90,-10,1.0,0
90,10,1.0,0
-90,-10,1.0,0
90,10,1.0,0
-90,-10,1.0,0
90,10,1.0,0
-90,-10,1.0,0
90,10,1.0,0
-90,-10,1.0,0
1,0,1.0,1
0,0,1.0,1
30,30,0.06666666666666667,1
-30,-30,1.0,1
67,67,0.029850746268656716,1
-67,-67,1.0,1
103,103,0.019417475728155338,1
-103,-103,1.0,1
140,140,0.014285714285714285,1
-140,-140,1.0,1
177,177,0.011299435028248588,1
-177,-177,1.0,1
213,213,0.009389671361502348,1
-213,-213,1.0,1
250,250,0.008,1
-250,-250,1.0,1
286,286,0.006993006993006993,1
-286,-286,1.0,1
323,323,0.006191950464396285,1
-323,-323,1.0,1
360,360,0.005555555555555556,1
-360,-360,1.0,1
396,396,0.005050505050505051,1
-396,-396,1.0,1
433,433,0.004618937644341801,1
-433,-433,1.0,1
469,469,0.0042643923240938165,1
-469,-469,1.0,1
506,506,0.003952569169960474,1
-506,-506,1.0,1
543,543,0.003683241252302026,1
-543,-543,1.0,1
579,579,0.0034542314335060447,1
-579,-579,1.0,1
616,616,0.003246753246753247,1
-616,-616,1.0,1
653,653,0.0030627871362940277,1
-653,-653,1.0,1
689,689,0.002902757619738752,1
-689,-689,1.0,1
726,726,0.0027548209366391185,1
-726,-726,1.0,1
762,762,0.0026246719160104987,1
-762,-762,1.0,1
799,799,0.0025031289111389237,1
-799,-799,1.0,1
836,836,0.0023923444976076554,1
-836,-836,1.0,1
872,872,0.0022935779816513763,1
-872,-872,1.0,1
909,909,0.0022002200220022,1
-909,-909,1.0,1
945,945,0.0021164021164021165,1
-945,-945,1.0,1
982,982,0.002036659877800407,1
-982,-982,1.0,1
1019,1019,0.001962708537782139,1
-1019,-1019,1.0,1
1055,1055,0.0018957345971563982,1
-1055,-1055,1.0,1
1092,1092,0.0018315018315018315,1
-1092,-1092,1.0,1
1129,1129,0.001771479185119575,1
-1129,-1129,1.0,1
1165,1165,0.0017167381974248926,1
-1165,-1165,1.0,1
1202,1202,0.0016638935108153079,1
-1202,-1202,1.0,1
1238,1238,0.0016155088852988692,1
-1238,-1238,1.0,1
1275,1275,0.001568627450980392,1
-1275,-1275,1.0,1
1312,1312,0.001524390243902439,1
-1312,-1312,1.0,1
1348,1348,0.001483679525222552,1
-1348,-1348,1.0,1
1385,1385,0.001444043321299639,1
-1385,-1385,1.0,1
1421,1421,0.0014074595355383533,1
-1421,-1421,1.0,1
1458,1458,0.0013717421124828531,1
-1458,-1458,1.0,1
1495,1495,0.0013377926421404682,1
-1495,-1495,1.0,1
1526,1526,0.001310615989515072,1
-1526,-1526,1.0,1
1562,1562,0.0012804097311139564,1
-1562,-1562,1.0,1
1599,1599,0.0012507817385866166,1
-1599,-1599,1.0,1
1636,1636,0.0012224938875305623,1
-1636,-1636,1.0,1
1672,1672,0.0011961722488038277,1
-1672,-1672,1.0,1
1709,1709,0.0011702750146284377,1
-1709,-1709,1.0,1
1745,1745,0.001146131805157593,1
-1745,-1745,1.0,1
1782,1782,0.001122334455667789,1
-1782,-1782,1.0,1
1819,1819,0.0010995052226498076,1
-1819,-1819,1.0,1
1855,1855,0.001078167115902965,1
-1855,-1855,1.0,1
1,0,1.0,1
0,0,1.0,1
31,31,0.06451612903225806,1
-31,-31,1.0,1
68,68,0.029411764705882353,1
-68,-68,1.0,1
104,104,0.019230769230769232,1
-104,-104,1.0,1
141,141,0.014184397163120567,1
-141,-141,1.0,1
178,178,0.011235955056179775,1
-178,-178,1.0,1
214,214,0.009345794392523364,1
-214,-214,1.0,1
251,251,0.00796812749003984,1
-251,-251,1.0,1
287,287,0.006968641114982578,1
-287,-287,1.0,1
324,324,0.006172839506172839,1
-324,-324,1.0,1
361,361,0.00554016620498615,1
-361,-361,1.0,1
397,397,0.005037783375314861,1
-397,-397,1.0,1
434,434,0.004608294930875576,1
-434,-434,1.0,1
0,0,1.0,1
471,471,0.004246284501061571,1
36,36,0.0039447731755424065,1
-507,-507,1.0,1
544,544,0.003676470588235294,1
-544,-544,1.0,1
580,580,0.0034482758620689655,1
-580,-580,1.0,1
617,617,0.0032414910858995136,1
-617,-617,1.0,1
654,654,0.0030581039755351682,1
-654,-654,1.0,1
690,690,0.002898550724637681,1
-690,-690,1.0,1
727,727,0.002751031636863824,1
-727,-727,1.0,1
763,763,0.002621231979030144,1
-763,-763,1.0,1
800,800,0.0025,1
-800,-800,1.0,1
837,837,0.0023894862604540022,1
-837,-837,1.0,1
873,873,0.002290950744558992,1
-873,-873,1.0,1
910,910,0.002197802197802198,1
-910,-910,1.0,1
947,947,0.0021119324181626186,1
-947,-947,1.0,1
983,983,0.002034587995930824,1
-983,-983,1.0,1
1020,1020,0.00196078431372549,1
-1020,-1020,1.0,1
1056,1056,0.001893939393939394,1
-1056,-1056,1.0,1
1093,1093,0.0018298261665141812,1
-1093,-1093,1.0,1
1130,1130,0.0017699115044247787,1
-1130,-1130,1.0,1
1166,1166,0.0017152658662092624,1
-1166,-1166,1.0,1
1203,1203,0.0016625103906899418,1
-1203,-1203,1.0,1
1239,1239,0.0016142050040355124,1
-1239,-1239,1.0,1
1276,1276,0.001567398119122257,1
-1276,-1276,1.0,1
1313,1313,0.0015232292460015233,1
-1313,-1313,1.0,1
1349,1349,0.0014825796886582653,1
-1349,-1349,1.0,1
1386,1386,0.001443001443001443,1
-1386,-1386,1.0,1
1423,1423,0.0014054813773717498,1
-1423,-1423,1.0,1
1459,1459,0.0013708019191226869,1
-1459,-1459,1.0,1
1496,1496,0.001336898395721925,1
-1496,-1496,1.0,1
1527,1527,0.0013097576948264572,1
-1527,-1527,1.0,1
1564,1564,0.0012787723785166241,1
-1564,-1564,1.0,1
1600,1600,0.00125,1
-1600,-1600,1.0,1
1637,1637,0.0012217470983506415,1
-1637,-1637,1.0,1
1673,1673,0.001195457262402869,1
-1673,-1673,1.0,1
1710,1710,0.0011695906432748538,1
-1710,-1710,1.0,1
1747,1747,0.0011448196908986834,1
-1747,-1747,1.0,1
1783,1783,0.0011217049915872126,1
-1783,-1783,1.0,1
1820,1820,0.001098901098901099,1
-1820,-1820,1.0,1
1857,1857,0.0010770059235325794,1
-1857,-1857,1.0,1
1893,1893,0.0010565240359218173,1
-1893,-1893,1.0,1
1930,1930,0.0010362694300518134,1
-1930,-1930,1.0,1
1966,1966,0.001017293997965412,1
-1966,-1966,1.0,1
2003,2003,0.000998502246630055,1
-2003,-2003,1.0,1
2040,2040,0.000980392156862745,1
-2040,-2040,1.0,1
2076,2076,0.0009633911368015414,1
-2076,-2076,1.0,1
2113,2113,0.000946521533364884,1
-2113,-2113,1.0,1
2149,2149,0.0009306654257794323,1
-2149,-2149,1.0,1
2186,2186,0.0009149130832570906,1
-2186,-2186,1.0,1
2223,2223,0.000899685110211426,1
-2223,-2223,1.0,1
2259,2259,0.0008853474988933156,1
-2259,-2259,1.0,1
2296,2296,0.0008710801393728223,1
-2296,-2296,1.0,1
2333,2333,0.0008572653236176596,1
-2333,-2333,1.0,1
2369,2369,0.0008442380751371887,1
-2369,-2369,1.0,1
2406,2406,0.0008312551953449709,1
-2406,-2406,1.0,1
2442,2442,0.000819000819000819,1
-2442,-2442,1.0,1
2479,2479,0.0008067769261799112,1
-2479,-2479,1.0,1
2516,2516,0.000794912559618442,1
-2516,-2516,1.0,1
2552,2552,0.0007836990595611285,1
-2552,-2552,1.0,1
2589,2589,0.000772499034376207,1
-2589,-2589,1.0,1
2626,2626,0.0007616146230007616,1
-2626,-2626,1.0,1
2662,2662,0.0007513148009015778,1
-2662,-2662,1.0,1
2699,2699,0.0007410151908114116,1
-2699,-2699,1.0,1
2735,2735,0.0007312614259597807,1
-2735,-2735,1.0,1
2772,2772,0.0007215007215007215,1
-2772,-2772,1.0,1
2809,2809,0.000711997152011392,1
-2809,-2809,1.0,1
2845,2845,0.00070298769771529,1
-2845,-2845,1.0,1
2882,2882,0.0006939625260235947,1
-2882,-2882,1.0,1
2918,2918,0.0006854009595613434,1
-2918,-2918,1.0,1
2955,2955,0.0006768189509306261,1
-2955,-2955,1.0,1
2992,2992,0.0006684491978609625,1
-2992,-2992,1.0,1
3026,3026,0.0006609385327164573,1
-3026,-3026,1.0,1
3063,3063,0.000652954619653934,1
-3063,-3063,1.0,1
3099,3099,0.0006453694740238787,1
-3099,-3099,1.0,1
3136,3136,0.0006377551020408163,1
-3136,-3136,1.0,1
3173,3173,0.0006303183107469272,1
-3173,-3173,1.0,1
3209,3209,0.0006232471174820816,1
-3209,-3209,1.0,1
3246,3246,0.0006161429451632779,1
-3246,-3246,1.0,1
3282,3282,0.0006093845216331506,1
-3282,-3282,1.0,1
3319,3319,0.0006025911419102139,1
-3319,-3319,1.0,1
3356,3356,0.0005959475566150178,1
-3356,-3356,1.0,1
3392,3392,0.0005896226415094339,1
-3392,-3392,1.0,1
3429,3429,0.0005832604257801109,1
-3429,-3429,1.0,1
3466,3466,0.0005770340450086555,1
-3466,-3466,1.0,1
3502,3502,0.0005711022272986865,1
-3502,-3502,1.0,1
3538,3538,0.0005652911249293386,1
-3538,-3538,1.0,1
3539,3539,0.0005651313930488839,1
-3539,-3539,1.0,1
1,0,1.0,0
0,0,1.0,0
0,0,1.0,0
0,0,1.0,0
0,0,1.0,0
0,0,1.0,0
0,0,1.0,0
0,0,1.0,0
0,0,1.0,0
0,0,1.0,0
4,3,1.0,0
-4,-3,1.0,0
0,0,1.0,0
4,3,1.0,0
4,2,1.0,0
-8,-5,1.0,0
18,8,1.0,0
-18,-8,1.0,0
22,8,1.0,0
-22,-8,1.0,0
0,0,1.0,0
28,10,1.0,0
6,0,1.0,0
-34,-10,1.0,0
38,10,1.0,0
-38,-10,1.0,0
0,0,1.0,0
40,10,1.0,0
-40,-10,1.0,0
46,10,1.0,0
6,0,1.0,0
-52,-10,1.0,0
56,10,1.0,0
-56,-10,1.0,0
0,0,1.0,0
60,10,1.0,0
-60,-10,1.0,0
64,10,1.0,0
4,0,1.0,0
-68,-10,1.0,0
72,10,1.0,0
-72,-10,1.0,0
0,0,1.0,0
78,10,1.0,0
0,0,1.0,0
-78,-10,1.0,0
0,0,1.0,0
78,10,1.0,0
2,0,1.0,0
-80,-10,1.0,0
0,0,1.0,0
86,10,1.0,0
4,0,1.0,0
-90,-10,1.0,0
90,10,1.0,0
-90,-10,1.0,0
0,0,1.0,0
90,10,1.0,0
0,0,1.0,0
-90,-10,1.0,0
0,0,1.0,0
90,10,1.0,0
-90,-10,1.0,0
90,10,1.0,0
-90,-10,1.0,0
90,10,1.0,0
-90,-10,1.0,0
90,10,1.0,0
0,0,1.0,0
-90,-10,1.0,0
90,10,1.0,0
-90,-10,1.0,0
0,0,1.0,0
90,10,1.0,0
0,0,1.0,0
-90,-10,1.0,0
0,0,1.0,0
90,10,1.0,0
0,0,1.0,0
-90,-10,1.0,0
90,10,1.0,0
-90,-10,1.0,0
90,10,1.0,0
-90,-10,1.0,0
90,10,1.0,0
-90,-10,1.0,0
90,10,1.0,0
-90,-10,1.0,0
90,10,1.0,0
-90,-10,1.0,0
90,10,1.0,0
-90,-10,1.0,0
90,10,1.0,0
-90,-10,1.0,0
90,10,1.0,0
-90,-10,1.0,0
0,0,1.0,0
90,10,1.0,0
-90,-10,1.0,0
90,10,1.0,0
0,0,1.0,0
-90,-10,1.0,0
90,10,1.0,0
-90,-10,1.0,0
90,10,1.0,0
-90,-10,1.0,0
90,10,1.0,0
-90,-10,1.0,0
90,10,1.0,0
-90,-10,1.0,0
90,10,1.0,0
-90,-10,1.0,0
90,10,1.0,0
-90,-10,1.0,0
90,10,1.0,0
-90,-10,1.0,0
90,10,1.0,0
-90,-10,1.0,0
0,0,1.0,0
90,10,1.0,0
0,0,1.0,0
-90,-10,1.0,0
0,0,1.0,0
90,10,1.0,0
0,0,1.0,0
-90,-10,1.0,0
0,0,1.0,0
90,10,1.0,0
0,0,1.0,0
-90,-10,1.0,0
90,10,1.0,0
-90,-10,1.0,0
90,10,1.0,0
-90,-10,1.0,0
90,10,1.0,0
-90,-10,1.0,0
90,10,1.0,0
-90,-10,1.0,0
90,10,1.0,0
-90,-10,1.0,0
90,10,1.0,0
-90,-10,1.0,0
90,10,1.0,0
-90,-10,1.0,0
90,10,1.0,0
-90,-10,1.0,0
90,10,1.0,0
-90,-10,1.0,0
90,10,1.0,0
-90,-10,1.0,0
90,10,1.0,0
-90,-10,1.0,0
90,10,1.0,0
-90,-10,1.0,0
90,10,1.0,0
-90,-10,1.0,0
90,10,1.0,0
-90,-10,1.0,0
90,10,1.0,0
-90,-10,1.0,0
90,10,1.0,0
-90,-10,1.0,0
90,10,1.0,0
-90,-10,1.0,0
90,10,1.0,0
-90,-10,1.0,0
90,10,1.0,0
-90,-10,1.0,0
90,10,1.0,0
-90,-10,1.0,0
90,10,1.0,0
-90,-10,1.0,0
90,10,1.0,0
-90,-10,1.0,0
90,10,1.0,0
-90,-10,1.0,0
90,10,1.0,0
-90,-10,1.0,0
90,10,1.0,0
-90,-10,1.0,0
90,10,1.0,0
-90,-10,1.0,0
90,10,1.0,0
-90,-10,1.0,0
90,10,1.0,0
-90,-10,1.0,0
90,10,1.0,0
-90,-10,1.0,0
90,10,1.0,0
-90,-10,1.0,0
90,10,1.0,0
-90,-10,1.0,0
90,10,1.0,0
-90,-10,1.0,0
90,10,1.0,0
-90,-10,1.0,0
90,10,1.0,0
-90,-10,1.0,0
90,10,1.0,0
-90,-10,1.0,0
90,10,1.0,0
-90,-10,1.0,0
90,10,1.0,0
-90,-10,1.0,0
90,10,1.0,0
-90,-10,1.0,0
90,10,1.0,0
-90,-10,1.0,0
90,10,1.0,0
-90,-10,1.0,0
90,10,1.0,0
-90,-10,1.0,0
90,10,1.0,0
-90,-10,1.0,0
90,10,1.0,0
-90,-10,1.0,0
90,10,1.0,0
-90,-10,1.0,0
0,0,1.0,0
90,10,1.0,0
0,0,1.0,0
-90,-10,1.0,0
90,10,1.0,0
-90,-10,1.0,0
90,10,1.0,0
-90,-10,1.0,0
90,10,1.0,0
-90,-10,1.0,0
0,0,1.0,0
90,10,1.0,0
0,0,1.0,0
-90,-10,1.0,0
90,10,1.0,0
-90,-10,1.0,0
91,10,1.0,1
-90,-10,1.0,1
90,10,1.0,1
-90,-10,1.0,1
90,10,1.0,1
-90,-10,1.0,1
90,10,1.0,1
-90,-10,1.0,1
90,10,1.0,1
-90,-10,1.0,1
0,0,1.0,1
122,42,0.7377049180327869,1
37,37,0.5660377358490566,1
-159,-79,1.0,1
195,115,0.46153846153846156,1
-195,-115,1.0,1
232,152,0.3879310344827586,1
-232,-152,1.0,1
269,189,0.3345724907063197,1
-269,-189,1.0,1
0,0,1.0,1
305,225,0.29508196721311475,1
37,37,0.2631578947368421,1
-342,-262,1.0,1
379,299,0.23746701846965698,1
-379,-299,1.0,1
0,0,1.0,1
415,335,0.21686746987951808,1
37,37,0.19911504424778761,1
-452,-372,1.0,1
488,408,0.18442622950819673,1
-488,-408,1.0,1
525,445,0.17142857142857143,1
-525,-445,1.0,1
0,0,1.0,1
562,482,0.1601423487544484,1
-562,-482,1.0,1
598,518,0.1505016722408027,1
37,37,0.14173228346456693,1
-635,-555,1.0,1
671,591,0.13412816691505217,1
-671,-591,1.0,1
708,628,0.1271186440677966,1
-708,-628,1.0,1
745,665,0.12080536912751678,1
-745,-665,1.0,1
781,701,0.11523687580025609,1
-781,-701,1.0,1
818,738,0.1100244498777506,1
-818,-738,1.0,1
855,775,0.10526315789473684,1
-855,-775,1.0,1
891,811,0.10101010101010101,1
-891,-811,1.0,1
928,848,0.09698275862068965,1
-928,-848,1.0,1
964,884,0.09336099585062241,1
-964,-884,1.0,1
1001,921,0.0899100899100899,1
-1001,-921,1.0,1
1038,958,0.08670520231213873,1
-1038,-958,1.0,1
1074,994,0.08379888268156424,1
-1074,-994,1.0,1
1111,1031,0.081008100810081,1
-1111,-1031,1.0,1
1147,1067,0.07846556233653008,1
-1147,-1067,1.0,1
1184,1104,0.07601351351351351,1
-1184,-1104,1.0,1
1221,1141,0.07371007371007371,1
-1221,-1141,1.0,1
1257,1177,0.07159904534606205,1
-1257,-1177,1.0,1
1294,1214,0.0695517774343122,1
-1294,-1214,1.0,1
1,0,1.0,0
0,0,1.0,0
0,0,1.0,0
0,0,1.0,0
0,0,1.0,0
0,0,1.0,0
0,0,1.0,0
0,0,1.0,0
0,0,1.0,0
0,0,1.0,0
0,0,1.0,0
0,0,1.0,0
0,0,1.0,0
0,0,1.0,0
0,0,1.0,0
0,0,1.0,0
0,0,1.0,0
0,0,1.0,0
0,0,1.0,0
0,0,1.0,0
0,0,1.0,0
0,0,1.0,0
0,0,1.0,0
0,0,1.0,0
0,0,1.0,0
0,0,1.0,0
0,0,1.0,0
0,0,1.0,0
9,6,1.0,0
-8,-6,1.0,0
14,8,1.0,0
-14,-8,1.0,0
16,8,1.0,0
-16,-8,1.0,0
24,9,1.0,0
-24,-9,1.0,0
28,10,1.0,0
-28,-10,1.0,0
32,10,1.0,0
-32,-10,1.0,0
36,10,1.0,0
-36,-10,1.0,0
38,10,1.0,0
-38,-10,1.0,0
42,10,1.0,0
-42,-10,1.0,0
44,10,1.0,0
-44,-10,1.0,0
48,10,1.0,0
-48,-10,1.0,0
52,10,1.0,0
-52,-10,1.0,0
52,10,1.0,0
-52,-10,1.0,0
56,10,1.0,0
-56,-10,1.0,0
64,10,1.0,0
-64,-10,1.0,0
70,10,1.0,0
-70,-10,1.0,0
72,10,1.0,0
-72,-10,1.0,0
74,10,1.0,0
-74,-10,1.0,0
74,10,1.0,0
-74,-10,1.0,0
80,10,1.0,0
-80,-10,1.0,0
80,10,1.0,0
-80,-10,1.0,0
82,10,1.0,0
-82,-10,1.0,0
84,10,1.0,0
-84,-10,1.0,0
84,10,1.0,0
-84,-10,1.0,0
86,10,1.0,0
-86,-10,1.0,0
0,0,1.0,0
86,10,1.0,0
0,0,1.0,0
-86,-10,1.0,0
86,10,1.0,0
-86,-10,1.0,0
88,10,1.0,0
-88,-10,1.0,0
88,10,1.0,0
-88,-10,1.0,0
88,10,1.0,0
-88,-10,1.0,0
90,10,1.0,0
-90,-10,1.0,0
90,10,1.0,0
-90,-10,1.0,0
90,10,1.0,0
-90,-10,1.0,0
90,10,1.0,0
-90,-10,1.0,0
90,10,1.0,0
-90,-10,1.0,0
90,10,1.0,0
-90,-10,1.0,0
90,10,1.0,0
-90,-10,1.0,0
90,10,1.0,0
-90,-10,1.0,0
90,10,1.0,0
-90,-10,1.0,0
90,10,1.0,0
-90,-10,1.0,0
90,10,1.0,0
-90,-10,1.0,0
90,10,1.0,0
-90,-10,1.0,0
90,10,1.0,0
-90,-10,1.0,0
90,10,1.0,0
-90,-10,1.0,0
90,10,1.0,0
-90,-10,1.0,0
90,10,1.0,0
-90,-10,1.0,0
90,10,1.0,0
-90,-10,1.0,0
90,10,1.0,0
-90,-10,1.0,0
90,10,1.0,0
-90,-10,1.0,0
90,10,1.0,0
-90,-10,1.0,0
90,10,1.0,0
-90,-10,1.0,0
90,10,1.0,0
-90,-10,1.0,0
90,10,1.0,0
-90,-10,1.0,0
0,0,1.0,0
90,10,1.0,0
0,0,1.0,0
-90,-10,1.0,0
90,10,1.0,0
-90,-10,1.0,0
90,10,1.0,0
-90,-10,1.0,0
91,10,1.0,1
-90,-10,1.0,1
90,10,1.0,1
-90,-10,1.0,1
90,10,1.0,1
-90,-10,1.0,1
0,0,1.0,1
90,10,1.0,1
0,0,1.0,1
-90,-10,1.0,1
90,10,1.0,1
-90,-10,1.0,1
90,10,1.0,1
-90,-10,1.0,1
0,0,1.0,1
90,10,1.0,1
0,0,1.0,1
-90,-10,1.0,1
0,0,1.0,1
90,10,1.0,1
0,0,1.0,1
-90,-10,1.0,1
90,10,1.0,1
-90,-10,1.0,1
94,14,0.9574468085106383,1
-94,-14,1.0,1
131,51,0.6870229007633588,1
-131,-51,1.0,1
167,87,0.5389221556886228,1
-167,-87,1.0,1
204,124,0.4411764705882353,1
-204,-124,1.0,1
240,160,0.375,1
-240,-160,1.0,1
277,197,0.3249097472924188,1
-277,-197,1.0,1
314,234,0.28662420382165604,1
-314,-234,1.0,1
350,270,0.2571428571428571,1
-350,-270,1.0,1
387,307,0.23255813953488372,1
-387,-307,1.0,1
424,344,0.21226415094339623,1
-424,-344,1.0,1
460,380,0.1956521739130435,1
-460,-380,1.0,1
497,417,0.18108651911468812,1
-497,-417,1.0,1
533,453,0.16885553470919323,1
-533,-453,1.0,1
570,490,0.15789473684210525,1
-570,-490,1.0,1
607,527,0.14827018121911037,1
-607,-527,1.0,1
643,563,0.13996889580093314,1
-643,-563,1.0,1
680,600,0.1323529411764706,1
-680,-600,1.0,1
716,636,0.12569832402234637,1
-716,-636,1.0,1
753,673,0.11952191235059761,1
-753,-673,1.0,1
790,710,0.11392405063291139,1
-790,-710,1.0,1
826,746,0.1089588377723971,1
-826,-746,1.0,1
863,783,0.10428736964078796,1
-863,-783,1.0,1
899,819,0.10011123470522804,1
-899,-819,1.0,1
936,856,0.09615384615384616,1
-936,-856,1.0,1
973,893,0.09249743062692703,1
-973,-893,1.0,1
1009,929,0.08919722497522299,1
-1009,-929,1.0,1
1046,966,0.08604206500956023,1
-1046,-966,1.0,1
1083,1003,0.08310249307479224,1
-1083,-1003,1.0,1
1119,1039,0.08042895442359249,1
-1119,-1039,1.0,1
1156,1076,0.07785467128027682,1
-1156,-1076,1.0,1
1192,1112,0.07550335570469799,1
-1192,-1112,1.0,1
1229,1149,0.07323026851098453,1
-1229,-1149,1.0,1
1266,1186,0.07109004739336493,1
-1266,-1186,1.0,1
1302,1222,0.06912442396313365,1
-1302,-1222,1.0,1
1339,1259,0.06721433905899925,1
-1339,-1259,1.0,1
1376,1296,0.06540697674418605,1
-1376,-1296,1.0,1
1412,1332,0.06373937677053824,1
-1412,-1332,1.0,1
1449,1369,0.062111801242236024,1
-1449,-1369,1.0,1
1485,1405,0.06060606060606061,1
-1485,-1405,1.0,1
1522,1442,0.05913272010512484,1
-1522,-1442,1.0,1
1559,1479,0.05772931366260423,1
-1559,-1479,1.0,1
1590,1510,0.05660377358490566,1
-1590,-1510,1.0,1
1625,1545,0.055384615384615386,1
-1625,-1545,1.0,1
1662,1582,0.05415162454873646,1
-1662,-1582,1.0,1
1698,1618,0.053003533568904596,1
-1698,-1618,1.0,1
1735,1655,0.05187319884726225,1
-1735,-1655,1.0,1
1772,1692,0.050790067720090294,1
-1772,-1692,1.0,1
1808,1728,0.049778761061946904,1
-1808,-1728,1.0,1
1845,1765,0.04878048780487805,1
-1845,-1765,1.0,1
1881,1801,0.04784688995215311,1
-1881,-1801,1.0,1
1918,1838,0.04692387904066736,1
-1918,-1838,1.0,1
1955,1875,0.04603580562659847,1
-1955,-1875,1.0,1
1991,1911,0.045203415369161226,1
-1991,-1911,1.0,1
2028,1948,0.04437869822485207,1
-2028,-1948,1.0,1
2064,1984,0.0436046511627907,1
-2064,-1984,1.0,1
2101,2021,0.042836744407425034,1
-2101,-2021,1.0,1
2138,2058,0.042095416276894296,1
-2138,-2058,1.0,1
7,4,1.0,0
2,1,1.0,0
4,2,1.0,0
10,2,1.0,0
4,0,1.0,0
0,0,1.0,0
6,1,1.0,0
8,0,1.0,0
2,0,1.0,0
6,0,1.0,0
6,0,1.0,0
4,0,1.0,0
6,0,1.0,0
2,0,1.0,0
2,0,1.0,0
4,0,1.0,0
0,0,1.0,0
4,0,1.0,0
6,0,1.0,0
2,0,1.0,0
0,0,1.0,0
0,0,1.0,0
1,0,1.0,1
10,10,0.2,1
-10,-10,1.0,1
47,47,0.0425531914893617,1
36,36,0.024096385542168676,1
-83,-83,1.0,1
120,120,0.016666666666666666,1
-120,-120,1.0,1
157,157,0.012738853503184714,1
-157,-157,1.0,1
193,193,0.010362694300518135,1
-193,-193,1.0,1
230,230,0.008695652173913044,1
-230,-230,1.0,1
0,0,1.0,1
266,266,0.007518796992481203,1
37,37,0.006600660066006601,1
-303,-303,1.0,1
0,0,1.0,1
340,340,0.0058823529411764705,1
36,36,0.005319148936170213,1
-376,-376,1.0,1
413,413,0.004842615012106538,1
-413,-413,1.0,1
450,450,0.0044444444444444444,1
-450,-450,1.0,1
486,486,0.00411522633744856,1
-486,-486,1.0,1
